recordingId,assetName,originalAssetName,originalAssetStartSec,duration,site,season,timestamp,datasets,annotationId,commonName,taxonCode,startSec,endSec,lowFreq,highFreq,reviewStatus,legacyUuid,creatingUser,detectionModel,confidenceScore,tags
942145,DARBY_2018-11-08_13.15.46_Z_4.wav,Darby_2018-11-08_13.15.46_Z.wav,5549.1,4.8,DARBY,Fall 2024,2018-11-08T14:48:15.101Z,,1719792,Semipalmated Plover,semplo,1.5,3.30000000000018,0,11025,Problem,,,nfc_taxo141,0.999995827674866,
940824,DARBY_2018-10-21_00.11.36_Z_5.wav,Darby_2018-10-21_00.11.36_Z.wav,1383.5,4.8,DARBY,Fall 2024,2018-10-21T00:34:39.501Z,,1718240,Semipalmated Plover,semplo,1.5,3.30000000000018,0,11025,Reviewed,,,nfc_taxo141,0.999992847442627,
940823,DARBY_2018-10-21_00.11.36_Z_4.wav,Darby_2018-10-21_00.11.36_Z.wav,1345.1000000000001,4.4,DARBY,Fall 2024,2018-10-21T00:34:01.101Z,,1718239,Semipalmated Plover,semplo,1.5,2.89999999999986,0,11025,Reviewed,,,nfc_taxo141,0.999986886978149,
995435,YVAS_2018-10-20_13.22.37_Z_3.wav,YVAS_2018-10-20_13.22.37_Z.wav,1744.9,4.6,YVAS,Fall 2024,2018-10-20T13:51:41.901Z,,1798200,Semipalmated Plover,semplo,1.5,3.09999999999991,0,11025,Reviewed,,,nfc_taxo141,0.999933004379272,
995391,YVAS_2018-10-17_13.27.43_Z_4.wav,YVAS_2018-10-17_13.27.43_Z.wav,1571.7,11.6,YVAS,Fall 2024,2018-10-17T13:53:54.701Z,,1798154,Spotted Sandpiper,sposan,1.5,3.10000000000014,0,11025,Unreviewed,,,nfc_taxo141,0.987679839134216,
995391,YVAS_2018-10-17_13.27.43_Z_4.wav,YVAS_2018-10-17_13.27.43_Z.wav,1571.7,11.6,YVAS,Fall 2024,2018-10-17T13:53:54.706Z,,1798155,Spotted Sandpiper,sposan,6.10000000000014,7.70000000000005,0,11025,Unreviewed,,,nfc_taxo141,0.987599849700928,
995391,YVAS_2018-10-17_13.27.43_Z_4.wav,YVAS_2018-10-17_13.27.43_Z.wav,1571.7,11.6,YVAS,Fall 2024,2018-10-17T13:53:54.708Z,,1798156,Semipalmated Plover,semplo,8.29999999999995,10.1000000000001,0,11025,Reviewed,,,nfc_taxo141,0.999915480613708,
949114,METCALF_2018-10-15_17.50.00_Z_0.wav,METCALF_20181015_175000.wav,3534.1000000000004,4.4,METCALF,Fall 2024,2018-10-16T00:48:54.101Z,,1727216,Semipalmated Plover,semplo,1.5,2.89999999999964,0,11025,Reviewed,,,nfc_taxo141,0.999646782875061,
995143,YVAS_2018-10-07_00.14.23_Z_20.wav,YVAS_2018-10-07_00.14.23_Z.wav,48533.9,4.6,YVAS,Fall 2024,2018-10-07T13:43:16.901Z,,1797897,Semipalmated Plover,semplo,1.5,3.09999999999854,0,11025,Problem,,,nfc_taxo141,0.997927308082581,
994870,YVAS_2018-09-26_00.35.27_Z_14.wav,YVAS_2018-09-26_00.35.27_Z.wav,46248.5,4.2,YVAS,Fall 2024,2018-09-26T13:26:15.501Z,,1797610,Semipalmated Plover,semplo,1.5,2.70000000000437,0,11025,Reviewed,,,nfc_taxo141,0.999987840652466,
956903,FLOOD_2018-09-18_19.12.00_Z_8.wav,FLOOD-21C_20180918_191200.wav,22515.100000000002,4.4,FLOOD,Fall 2024,2018-09-19T01:27:15.101Z,,1736547,Semipalmated Plover,semplo,1.5,2.89999999999782,0,11025,Reviewed,,,nfc_taxo141,0.99999463558197,
994628,YVAS_2018-09-18_00.51.03_Z_15.wav,YVAS_2018-09-18_00.51.03_Z.wav,44058.5,4.8,YVAS,Fall 2024,2018-09-18T13:05:21.501Z,,1797358,Semipalmated Plover,semplo,1.5,3.30000000000291,0,11025,Reviewed,,,nfc_taxo141,0.999985456466675,
980828,SLEEMAN_2018-09-12_06.30.39_Z_0.wav,SLEEMAN_20180912_063039.wav,2530.1000000000004,4.4,SLEEMAN,Fall 2024,2018-09-12T13:12:49.101Z,,1777570,Semipalmated Plover,semplo,1.5,2.89999999999964,0,11025,Reviewed,,,nfc_taxo141,0.999965071678162,
962330,PANDA_2018-09-08_18.45.00_Z_0.wav,PANDA_20180908_184500.wav,215.70000000000002,4.4,PANDA,Fall 2024,2018-09-09T00:48:35.701Z,,1743769,Semipalmated Plover,semplo,1.5,2.90000000000001,0,11025,Reviewed,,,nfc_taxo141,0.999259412288666,
937114,BIVORY_2018-09-05_06.30.39_Z_1.wav,BIVORY_20180905_063039.wav,3364.3,4.4,BIVORY,Fall 2024,2018-09-05T13:26:43.301Z,,1714101,Semipalmated Plover,semplo,1.5,2.90000000000009,0,11025,Reviewed,,,nfc_taxo141,0.997433841228485,
981039,SLOCUM_2018-09-03_07.00.03_Z_2.wav,SLOCUM_20180903_070003.wav,1219.5,4.2,SLOCUM,Fall 2024,2018-09-03T13:20:22.501Z,,1777832,Semipalmated Plover,semplo,1.5,2.70000000000005,0,11025,Reviewed,,,nfc_taxo141,0.999743163585663,
860744,METCALF_2018-08-31_18.45.00_Z_5.wav,METCALF_20180831_184500.wav,3984.3,4.8,METCALF,Fall 2024,2018-09-01T01:51:24.301Z,,1607700,Semipalmated Plover,semplo,1.5,3.30000000000018,0,11025,Reviewed,,,nfc_taxo141,0.999995708465576,
860743,METCALF_2018-08-31_18.45.00_Z_4.wav,METCALF_20180831_184500.wav,3953.1000000000004,9,METCALF,Fall 2024,2018-09-01T01:50:53.101Z,,1607698,Semipalmated Plover,semplo,1.5,3.09999999999991,0,11025,Reviewed,,,nfc_taxo141,0.99999737739563,
860743,METCALF_2018-08-31_18.45.00_Z_4.wav,METCALF_20180831_184500.wav,3953.1000000000004,9,METCALF,Fall 2024,2018-09-01T01:50:53.105Z,,1607699,Semipalmated Plover,semplo,5.69999999999982,7.5,0,11025,Reviewed,,,nfc_taxo141,0.99999725818634,
860615,METCALF_2018-08-28_00.00.00_Z_0.wav,METCALF_20180828_000000.wav,2637.5,4.6,METCALF,Fall 2024,2018-08-28T06:43:57.501Z,,1607537,Semipalmated Plover,semplo,1.5,3.10000000000036,0,11025,Reviewed,,,nfc_taxo141,0.999031186103821,
847833,DARBY_2018-08-28_01.54.06_Z_16.wav,Darby_2018-08-28_01.54.06_Z.wav,8827.300000000001,4.8,DARBY,Fall 2024,2018-08-28T04:21:13.301Z,,1592532,Semipalmated Plover,semplo,1.5,3.29999999999927,0,11025,Reviewed,,,nfc_taxo141,0.999996423721313,
847832,DARBY_2018-08-28_01.54.06_Z_15.wav,Darby_2018-08-28_01.54.06_Z.wav,8555.9,6.8,DARBY,Fall 2024,2018-08-28T04:16:41.901Z,,1592531,Semipalmated Plover,semplo,1.5,5.30000000000109,0,11025,Reviewed,,,nfc_taxo141,0.99999737739563,
916888,SEELEY_2018-08-23_02.02.24_Z_6.wav,Seeley_2018-08-23_02.02.24_Z.wav,416.3,4.2,SEELEY,Fall 2024,2018-08-23T08:09:20.301Z,,1687349,Semipalmated Plover,semplo,1.5,2.69999999999999,0,11025,Reviewed,,,nfc_taxo141,0.999989986419678,
875116,SUB_2018-08-21_20.06.00_Z_14.wav,SUB_20180821_200600.wav,8482.1,4.6,SUB,Fall 2024,2018-08-22T04:27:22.101Z,,1628023,Semipalmated Plover,semplo,1.5,3.10000000000036,0,11025,Reviewed,,,nfc_taxo141,0.993048012256622,
875115,SUB_2018-08-21_20.06.00_Z_13.wav,SUB_20180821_200600.wav,8469.300000000001,4.8,SUB,Fall 2024,2018-08-22T04:27:09.301Z,,1628022,Semipalmated Plover,semplo,1.5,3.29999999999927,0,11025,Reviewed,,,nfc_taxo141,0.999997138977051,
875114,SUB_2018-08-21_20.06.00_Z_12.wav,SUB_20180821_200600.wav,8443.300000000001,4.6,SUB,Fall 2024,2018-08-22T04:26:43.301Z,,1628021,Semipalmated Plover,semplo,1.5,3.09999999999854,0,11025,Reviewed,,,nfc_taxo141,0.999985456466675,
853368,FLORENCE_2018-08-22_02.05.37_Z_6.wav,Florence_2018-08-22_02.05.37_Z.wav,7678.1,4.4,FLORENCE,Fall 2024,2018-08-22T04:13:35.101Z,,1599030,Semipalmated Plover,semplo,1.5,2.89999999999964,0,11025,Reviewed,,,nfc_taxo141,0.9984210729599,
853339,FLORENCE_2018-08-21_02.07.24_Z_26.wav,Florence_2018-08-21_02.07.24_Z.wav,25617.300000000003,5.6,FLORENCE,Fall 2024,2018-08-21T09:14:21.301Z,,1598998,Semipalmated Plover,semplo,1.5,2.89999999999782,0,11025,Problem,,,nfc_taxo141,0.99436354637146,
853339,FLORENCE_2018-08-21_02.07.24_Z_26.wav,Florence_2018-08-21_02.07.24_Z.wav,25617.300000000003,5.6,FLORENCE,Fall 2024,2018-08-21T09:14:21.302Z,,1598999,Spotted Sandpiper,sposan,2.5,4.09999999999854,0,11025,Unreviewed,,,nfc_taxo141,0.981680631637573,
927674,SULARS_2018-08-21_00.00.00_Z_11.wav,SULARS_20180821_000000.wav,8707.9,4.2,SULARS,Fall 2024,2018-08-21T08:25:07.901Z,,1702699,Semipalmated Plover,semplo,1.5,2.70000000000073,0,11025,Reviewed,,,nfc_taxo141,0.999872922897339,
864550,LILO_2018-08-20_00.00.00_Z_31.wav,LILO_20180820_000000.wav,17866.7,4.8,LILO,Fall 2024,2018-08-20T04:57:46.701Z,,1612808,Semipalmated Plover,semplo,1.5,3.29999999999927,0,11025,Reviewed,,,nfc_taxo141,0.999995708465576,
864549,LILO_2018-08-20_00.00.00_Z_30.wav,LILO_20180820_000000.wav,17843.5,4.6,LILO,Fall 2024,2018-08-20T04:57:23.501Z,,1612807,Semipalmated Plover,semplo,1.5,3.10000000000218,0,11025,Reviewed,,,nfc_taxo141,0.999949336051941,
864548,LILO_2018-08-20_00.00.00_Z_29.wav,LILO_20180820_000000.wav,17836.3,4.6,LILO,Fall 2024,2018-08-20T04:57:16.301Z,,1612806,Semipalmated Plover,semplo,1.5,3.10000000000218,0,11025,Reviewed,,,nfc_taxo141,0.999989986419678,
864547,LILO_2018-08-20_00.00.00_Z_28.wav,LILO_20180820_000000.wav,17827.3,4.6,LILO,Fall 2024,2018-08-20T04:57:07.301Z,,1612805,Semipalmated Plover,semplo,1.5,3.10000000000218,0,11025,Reviewed,,,nfc_taxo141,0.999839901924133,
906692,SADIE_2018-08-19_00.00.00_Z_1.wav,SADIE_20180819_000000.wav,20396.300000000003,4.8,SADIE,Fall 2024,2018-08-19T11:39:56.301Z,,1672019,Semipalmated Plover,semplo,1.5,3.29999999999927,0,11025,Reviewed,,,nfc_taxo141,0.999993443489075,
878115,MAX_2018-08-17_06.30.39_Z_8.wav,MAX_20180817_063039.wav,2447.5,4.6,MAX,Fall 2024,2018-08-17T13:11:26.501Z,,1631239,Semipalmated Plover,semplo,1.5,3.09999999999991,0,11025,Reviewed,,,nfc_taxo141,0.999997138977051,
878114,MAX_2018-08-17_06.30.39_Z_7.wav,MAX_20180817_063039.wav,2431.5,8.8,MAX,Fall 2024,2018-08-17T13:11:10.501Z,,1631237,Semipalmated Plover,semplo,1.5,3.30000000000018,0,11025,Reviewed,,,nfc_taxo141,0.999996662139893,
878114,MAX_2018-08-17_06.30.39_Z_7.wav,MAX_20180817_063039.wav,2431.5,8.8,MAX,Fall 2024,2018-08-17T13:11:10.505Z,,1631238,Semipalmated Plover,semplo,5.5,7.30000000000018,0,11025,Reviewed,,,nfc_taxo141,0.99999737739563,
878113,MAX_2018-08-17_06.30.39_Z_6.wav,MAX_20180817_063039.wav,2425.9,4.6,MAX,Fall 2024,2018-08-17T13:11:04.901Z,,1631236,Semipalmated Plover,semplo,1.5,3.09999999999991,0,11025,Reviewed,,,nfc_taxo141,0.999993205070496,
878112,MAX_2018-08-17_06.30.39_Z_5.wav,MAX_20180817_063039.wav,2420.1,4.8,MAX,Fall 2024,2018-08-17T13:10:59.101Z,,1631235,Semipalmated Plover,semplo,1.5,3.30000000000018,0,11025,Reviewed,,,nfc_taxo141,0.999970197677612,
853160,FLORENCE_2018-08-16_02.16.02_Z_33.wav,Florence_2018-08-16_02.16.02_Z.wav,37257.5,4.6,FLORENCE,Fall 2024,2018-08-16T12:36:59.501Z,,1598816,Semipalmated Plover,semplo,1.5,3.09999999999854,0,11025,Reviewed,,,nfc_taxo141,0.99999737739563,
1370550,YVAS_2018-08-13_16.13.14_Z_merge1_1.wav,YVAS_2018-08-13_01.56.38_Z.wav,37568.1,4.6,YVAS,Fall 2024,2018-08-13T20:39:22.801Z,,2479309,Semipalmated Plover,semplo,1.5,3.10000000000582,0,11025,Problem,,,nfc_taxo141,0.654052019119263,
1370583,TELLER_2018-08-13_06.35.21_Z_merge1_0.wav,TELLER_20180813_000000.wav,2121.5,4.4,TELLER,Fall 2024,2018-08-13T01:10:43.001Z,,2479346,Semipalmated Plover,semplo,1.5,2.90000000000009,0,11025,Problem,,,nfc_taxo141,0.863812386989594,
928222,TELLER_2018-08-13_00.00.00_Z_1.wav,TELLER_20180813_000000.wav,2177.5,4.2,TELLER,Fall 2024,2018-08-13T00:36:17.501Z,,1703432,Semipalmated Plover,semplo,1.5,2.70000000000027,0,11025,Problem,,,nfc_taxo141,0.923520267009735,
928221,TELLER_2018-08-13_00.00.00_Z_0.wav,TELLER_20180813_000000.wav,2110.3,4.4,TELLER,Fall 2024,2018-08-13T00:35:10.301Z,,1703431,Semipalmated Plover,semplo,1.5,2.90000000000009,0,11025,Problem,,,nfc_taxo141,0.979139447212219,
932845,YVAS_2018-08-10_02.01.16_Z_12.wav,YVAS_2018-08-10_02.01.16_Z.wav,36300.5,4.8,YVAS,Fall 2024,2018-08-10T12:06:16.501Z,,1709090,Semipalmated Plover,semplo,1.5,3.30000000000291,0,11025,Reviewed,,,nfc_taxo141,0.999996304512024,
932816,YVAS_2018-08-09_02.02.46_Z_2.wav,YVAS_2018-08-09_02.02.46_Z.wav,1828.5,4.2,YVAS,Fall 2024,2018-08-09T02:33:14.501Z,,1709059,Semipalmated Plover,semplo,1.5,2.70000000000005,0,11025,Problem,,,nfc_taxo141,0.999994993209839,
932814,YVAS_2018-08-09_02.02.46_Z_0.wav,YVAS_2018-08-09_02.02.46_Z.wav,61.900000000000006,4.8,YVAS,Fall 2024,2018-08-09T02:03:47.901Z,,1709057,Semipalmated Plover,semplo,1.5,3.3,0,11025,Reviewed,,,nfc_taxo141,0.999981641769409,
932713,YVAS_2018-08-05_02.08.32_Z_37.wav,YVAS_2018-08-05_02.08.32_Z.wav,36648.1,4.4,YVAS,Fall 2024,2018-08-05T12:19:20.101Z,,1708913,Semipalmated Plover,semplo,1.5,2.90000000000146,0,11025,Problem,,,nfc_taxo141,0.999979734420776,
895275,MITZI_2018-08-02_06.30.39_Z_1.wav,MITZI_20180802_063039.wav,1242.9,4.8,MITZI,Fall 2024,2018-08-02T12:51:21.901Z,,1655883,Semipalmated Plover,semplo,1.5,3.29999999999995,0,11025,Problem,,,nfc_taxo141,0.999062955379486,
932641,YVAS_2018-08-02_02.12.36_Z_18.wav,YVAS_2018-08-02_02.12.36_Z.wav,35682.9,4.4,YVAS,Fall 2024,2018-08-02T12:07:18.901Z,,1708831,Semipalmated Plover,semplo,1.5,2.90000000000146,0,11025,Problem,,,nfc_taxo141,0.999707281589508,
1370008,MITZI_2018-08-01_13.00.26_Z_merge1_0.wav,MITZI_20180801_063039.wav,1787.3000000000002,4.4,MITZI,Fall 2024,2018-08-01T13:30:13.601Z,,2478219,Semipalmated Plover,semplo,1.5,2.89999999999986,0,11025,Problem,,,nfc_taxo141,0.650119721889496,
895240,MITZI_2018-08-01_06.30.39_Z_19.wav,MITZI_20180801_063039.wav,1696.9,4.2,MITZI,Fall 2024,2018-08-01T12:58:55.901Z,,1655847,Semipalmated Plover,semplo,1.5,2.70000000000005,0,11025,Reviewed,,,nfc_taxo141,0.999985933303833,
891954,MITZI_2018-07-26_06.30.39_Z_4.wav,MITZI_20180726_063039.wav,542.3000000000001,4.2,MITZI,Fall 2024,2018-07-26T12:39:41.301Z,,1650094,Semipalmated Plover,semplo,1.5,2.69999999999993,0,11025,Problem,,,nfc_taxo141,0.999973893165588,
875894,MPGNORTH_2018-07-25_20.48.02_Z_43.wav,MPGNORTH_20180725_204802.wav,34595.1,4.4,MPGNORTH,Fall 2024,2018-07-26T06:24:37.101Z,,1628840,Semipalmated Plover,semplo,1.5,2.90000000000146,0,11025,Reviewed,,,nfc_taxo141,0.999996662139893,
845359,BELLXING_2018-07-26_00.00.00_Z_18.wav,BELLXING_20180726_000000.wav,16664.7,4.4,BELLXING,Fall 2024,2018-07-26T04:37:44.701Z,,1589505,Semipalmated Plover,semplo,1.5,2.90000000000146,0,11025,Reviewed,,,nfc_taxo141,0.999968767166138,
885920,HACKETT_2018-07-15_20.30.00_Z_3.wav,HACKETT_20180715_203000.wav,1109.9,4.8,HACKETT,Fall 2024,2018-07-16T02:48:29.901Z,,1641547,Semipalmated Plover,semplo,1.5,3.29999999999995,0,11025,Reviewed,,,nfc_taxo141,0.98891943693161,
868090,FLOOD_2018-07-10_21.00.00_Z_125.wav,FLOOD-21C_20180710_210000.wav,3785.7000000000003,41.2,FLOOD,Fall 2024,2018-07-10T22:03:05.701Z,,1618071,Spotted Sandpiper,sposan,1.5,4.09999999999991,0,11025,Unreviewed,,,nfc_taxo141,0.991395056247711,
868090,FLOOD_2018-07-10_21.00.00_Z_125.wav,FLOOD-21C_20180710_210000.wav,3785.7000000000003,41.2,FLOOD,Fall 2024,2018-07-10T22:03:05.704Z,,1618072,Spotted Sandpiper,sposan,4.29999999999973,9.29999999999973,0,11025,Unreviewed,,,nfc_taxo141,0.991457045078278,
868090,FLOOD_2018-07-10_21.00.00_Z_125.wav,FLOOD-21C_20180710_210000.wav,3785.7000000000003,41.2,FLOOD,Fall 2024,2018-07-10T22:03:05.711Z,,1618073,Spotted Sandpiper,sposan,11.9000000000001,15.2999999999997,0,11025,Unreviewed,,,nfc_taxo141,0.991334974765778,
868090,FLOOD_2018-07-10_21.00.00_Z_125.wav,FLOOD-21C_20180710_210000.wav,3785.7000000000003,41.2,FLOOD,Fall 2024,2018-07-10T22:03:05.717Z,,1618074,Spotted Sandpiper,sposan,17.0999999999999,19.0999999999999,0,11025,Unreviewed,,,nfc_taxo141,0.989685833454132,
868090,FLOOD_2018-07-10_21.00.00_Z_125.wav,FLOOD-21C_20180710_210000.wav,3785.7000000000003,41.2,FLOOD,Fall 2024,2018-07-10T22:03:05.721Z,,1618075,Spotted Sandpiper,sposan,21.2999999999997,26.2999999999997,0,11025,Unreviewed,,,nfc_taxo141,0.991561114788055,
868090,FLOOD_2018-07-10_21.00.00_Z_125.wav,FLOOD-21C_20180710_210000.wav,3785.7000000000003,41.2,FLOOD,Fall 2024,2018-07-10T22:03:05.726Z,,1618076,Spotted Sandpiper,sposan,26.2999999999997,27.5,0,11025,Unreviewed,,,nfc_taxo141,0.991561114788055,
868090,FLOOD_2018-07-10_21.00.00_Z_125.wav,FLOOD-21C_20180710_210000.wav,3785.7000000000003,41.2,FLOOD,Fall 2024,2018-07-10T22:03:05.728Z,,1618077,Spotted Sandpiper,sposan,28.6999999999998,29.9000000000001,0,11025,Unreviewed,,,nfc_taxo141,0.988402545452118,
868090,FLOOD_2018-07-10_21.00.00_Z_125.wav,FLOOD-21C_20180710_210000.wav,3785.7000000000003,41.2,FLOOD,Fall 2024,2018-07-10T22:03:05.732Z,,1618078,Spotted Sandpiper,sposan,32.6999999999998,35.5,0,11025,Unreviewed,,,nfc_taxo141,0.991144239902496,
868090,FLOOD_2018-07-10_21.00.00_Z_125.wav,FLOOD-21C_20180710_210000.wav,3785.7000000000003,41.2,FLOOD,Fall 2024,2018-07-10T22:03:05.736Z,,1618079,Semipalmated Plover,semplo,36.5,37.6999999999998,0,11025,Problem,,,nfc_taxo141,0.999989032745361,
868090,FLOOD_2018-07-10_21.00.00_Z_125.wav,FLOOD-21C_20180710_210000.wav,3785.7000000000003,41.2,FLOOD,Fall 2024,2018-07-10T22:03:05.738Z,,1618080,Spotted Sandpiper,sposan,38.0999999999999,39.6999999999998,0,11025,Unreviewed,,,nfc_taxo141,0.990006923675537,
867588,FLOOD_2018-07-07_21.01.00_Z_46.wav,FLOOD-21C_20180707_210100.wav,2278.9,4.4,FLOOD,Fall 2024,2018-07-07T21:38:58.901Z,,1617440,Semipalmated Plover,semplo,1.5,2.90000000000009,0,11025,Reviewed,,,nfc_taxo141,0.952447295188904,
931769,YVAS_2018-05-26_02.19.58_Z_68.wav,YVAS_2018-05-26_02.19.58_Z.wav,33885.1,4.4,YVAS,Fall 2024,2018-05-26T11:44:43.101Z,,1707928,Semipalmated Plover,semplo,1.5,2.90000000000146,0,11025,Reviewed,,,nfc_taxo141,0.999937653541565,
931718,YVAS_2018-05-26_02.19.58_Z_17.wav,YVAS_2018-05-26_02.19.58_Z.wav,11255.900000000001,4.8,YVAS,Fall 2024,2018-05-26T05:27:33.901Z,,1707875,Semipalmated Plover,semplo,1.5,3.29999999999927,0,11025,Reviewed,,,nfc_taxo141,0.999987602233887,
931325,YVAS_2018-05-20_02.13.32_Z_10.wav,YVAS_2018-05-20_02.13.32_Z.wav,28033.300000000003,4.4,YVAS,Fall 2024,2018-05-20T10:00:45.301Z,,1707450,Semipalmated Plover,semplo,1.5,2.89999999999782,0,11025,Reviewed,,,nfc_taxo141,0.999438464641571,
931308,YVAS_2018-05-18_02.11.15_Z_51.wav,YVAS_2018-05-18_02.11.15_Z.wav,24213.5,14.8,YVAS,Fall 2024,2018-05-18T08:54:48.501Z,,1707430,Semipalmated Plover,semplo,1.5,2.90000000000146,0,11025,Reviewed,,,nfc_taxo141,0.999956369400024,
931308,YVAS_2018-05-18_02.11.15_Z_51.wav,YVAS_2018-05-18_02.11.15_Z.wav,24213.5,14.8,YVAS,Fall 2024,2018-05-18T08:54:48.505Z,,1707431,Spotted Sandpiper,sposan,5.90000000000146,7.70000000000073,0,11025,Unreviewed,,,nfc_taxo141,0.989231646060944,
931308,YVAS_2018-05-18_02.11.15_Z_51.wav,YVAS_2018-05-18_02.11.15_Z.wav,24213.5,14.8,YVAS,Fall 2024,2018-05-18T08:54:48.509Z,,1707432,Spotted Sandpiper,sposan,9.5,10.7000000000007,0,11025,Unreviewed,,,nfc_taxo141,0.966746926307678,
931308,YVAS_2018-05-18_02.11.15_Z_51.wav,YVAS_2018-05-18_02.11.15_Z.wav,24213.5,14.8,YVAS,Fall 2024,2018-05-18T08:54:48.511Z,,1707433,Spotted Sandpiper,sposan,11.9000000000015,13.3000000000029,0,11025,Unreviewed,,,nfc_taxo141,0.960376143455505,
851635,FLORENCE_2018-05-18_02.36.27_Z_8.wav,Florence_2018-05-18_02.36.27_Z.wav,18004.5,5,FLORENCE,Fall 2024,2018-05-18T07:36:31.501Z,,1597175,Semipalmated Plover,semplo,1.5,3.5,0,11025,Problem,,,nfc_taxo141,0.992183744907379,
851635,FLORENCE_2018-05-18_02.36.27_Z_8.wav,Florence_2018-05-18_02.36.27_Z.wav,18004.5,5,FLORENCE,Fall 2024,2018-05-18T07:36:31.501Z,,1597176,Spotted Sandpiper,sposan,1.70000000000073,3.29999999999927,0,11025,Unreviewed,,,nfc_taxo141,0.990545153617859,
851604,FLORENCE_2018-05-17_02.35.15_Z_23.wav,Florence_2018-05-17_02.35.15_Z.wav,14988.1,5.8,FLORENCE,Fall 2024,2018-05-17T06:45:03.101Z,,1597141,Spotted Sandpiper,sposan,1.5,3.70000000000073,0,11025,Unreviewed,,,nfc_taxo141,0.991282105445862,
851604,FLORENCE_2018-05-17_02.35.15_Z_23.wav,Florence_2018-05-17_02.35.15_Z.wav,14988.1,5.8,FLORENCE,Fall 2024,2018-05-17T06:45:03.103Z,,1597142,Semipalmated Plover,semplo,3.10000000000036,4.30000000000109,0,11025,Problem,,,nfc_taxo141,0.999992728233337,
851484,FLORENCE_2018-05-13_02.30.19_Z_33.wav,Florence_2018-05-13_02.30.19_Z.wav,29746.100000000002,4.4,FLORENCE,Fall 2024,2018-05-13T10:46:05.101Z,,1597018,Semipalmated Plover,semplo,1.5,2.89999999999782,0,11025,Problem,,,nfc_taxo141,0.999847054481506,
851449,FLORENCE_2018-05-12_02.29.04_Z_36.wav,Florence_2018-05-12_02.29.04_Z.wav,35819.9,4.4,FLORENCE,Fall 2024,2018-05-12T12:26:03.901Z,,1596982,Semipalmated Plover,semplo,1.5,2.90000000000146,0,11025,Problem,,,nfc_taxo141,0.999723136425018,
851370,FLORENCE_2018-05-09_02.25.14_Z_20.wav,Florence_2018-05-09_02.25.14_Z.wav,31930.100000000002,4.6,FLORENCE,Fall 2024,2018-05-09T11:17:24.101Z,,1596898,Spotted Sandpiper,sposan,1.5,2.89999999999782,0,11025,Unreviewed,,,nfc_taxo141,0.99097615480423,
851370,FLORENCE_2018-05-09_02.25.14_Z_20.wav,Florence_2018-05-09_02.25.14_Z.wav,31930.100000000002,4.6,FLORENCE,Fall 2024,2018-05-09T11:17:24.101Z,,1596899,Semipalmated Plover,semplo,1.70000000000073,3.09999999999854,0,11025,Problem,,,nfc_taxo141,0.93529736995697,
930755,YVAS_2018-05-09_02.00.25_Z_4.wav,YVAS_2018-05-09_02.00.25_Z.wav,3618.5,4.4,YVAS,Fall 2024,2018-05-09T03:00:43.501Z,,1706752,Semipalmated Plover,semplo,1.5,2.90000000000009,0,11025,Problem,,,nfc_taxo141,0.999993920326233,
1169643,DARBY_2017-10-09_00.32.44_Z_2.wav,Darby_2017-10-09_00.32.44_Z.wav,137.9,11.8,DARBY,Fall 2024,2017-10-09T00:35:01.901Z,,2095000,,charadriiformes,1.5,2.69999999999999,0,11025,Unreviewed,,,nfc_taxo139b,0.920430779457092,tune-MPG-shorebirds-test
1169643,DARBY_2017-10-09_00.32.44_Z_2.wav,Darby_2017-10-09_00.32.44_Z.wav,137.9,11.8,DARBY,Fall 2024,2017-10-09T00:35:01.903Z,,2095001,,passeriformes,3.90000000000001,5.90000000000001,0,11025,Unreviewed,,,nfc_taxo139b,0.966680288314819,tune-MPG-shorebirds-test
1169643,DARBY_2017-10-09_00.32.44_Z_2.wav,Darby_2017-10-09_00.32.44_Z.wav,137.9,11.8,DARBY,Fall 2024,2017-10-09T00:35:01.908Z,,2095002,Semipalmated Plover,semplo,8.90000000000001,10.3,0,11025,Reviewed,,,nfc_taxo141,0.999243140220642,
769589,TELLER_2017-10-07_00.00.00_Z_10.wav,TELLER_20171007_000000.wav,8794.9,8.2,TELLER,Fall 2024,2017-10-07T02:26:34.901Z,,1463717,Semipalmated Plover,semplo,1.5,3.10000000000036,0,11025,Reviewed,,,nfc_taxo141,0.999994158744812,
769589,TELLER_2017-10-07_00.00.00_Z_10.wav,TELLER_20171007_000000.wav,8794.9,8.2,TELLER,Fall 2024,2017-10-07T02:26:34.901Z,,1463718,Semipalmated Plover,semplo,1.5,3.10000000000036,0,11025,Unreviewed,,,nfc_taxo139b,0.999803602695465,tune-MPG-shorebirds-test
769589,TELLER_2017-10-07_00.00.00_Z_10.wav,TELLER_20171007_000000.wav,8794.9,8.2,TELLER,Fall 2024,2017-10-07T02:26:34.905Z,,1463719,Plovers and Lapwings,charadriidae,5.10000000000036,6.70000000000073,0,11025,Unreviewed,,,nfc_taxo139b,0.995825409889221,tune-MPG-shorebirds-test
1277666,FLORENCE_2017-09-15_01.19.11_Z_38.wav,Florence_2017-09-15_01.19.11_Z.wav,28888.300000000003,4.8,FLORENCE,Fall 2024,2017-09-15T09:20:39.301Z,,2322885,Semipalmated Plover,semplo,1.5,3.29999999999927,0,11025,Problem,,,nfc_taxo141,0.999997019767761,
1277666,FLORENCE_2017-09-15_01.19.11_Z_38.wav,Florence_2017-09-15_01.19.11_Z.wav,28888.300000000003,4.8,FLORENCE,Fall 2024,2017-09-15T09:20:39.301Z,,2322886,Semipalmated Plover,semplo,1.5,3.29999999999927,0,11025,Problem,,,nfc_taxo139b,0.999999761581421,tune-MPG-shorebirds-test
1162465,DARBY_2017-09-14_01.21.13_Z_736.wav,Darby_2017-09-14_01.21.13_Z.wav,30578.100000000002,4.2,DARBY,Fall 2024,2017-09-14T09:50:51.101Z,,2084721,Semipalmated Plover,semplo,1.5,2.70000000000073,0,11025,Reviewed,,,nfc_taxo141,0.927103519439697,
1160842,DARBY_2017-09-12_01.25.07_Z_58.wav,Darby_2017-09-12_01.25.07_Z.wav,7379.3,4.8,DARBY,Fall 2024,2017-09-12T03:28:06.301Z,,2082407,,charadriiformes,1.5,2.69999999999982,0,11025,Unreviewed,,,nfc_taxo139b,0.960600733757019,tune-MPG-shorebirds-test
1160842,DARBY_2017-09-12_01.25.07_Z_58.wav,Darby_2017-09-12_01.25.07_Z.wav,7379.3,4.8,DARBY,Fall 2024,2017-09-12T03:28:06.301Z,,2082408,Semipalmated Plover,semplo,1.69999999999982,3.30000000000018,0,11025,Problem,,,nfc_taxo141,0.997299373149872,
1160842,DARBY_2017-09-12_01.25.07_Z_58.wav,Darby_2017-09-12_01.25.07_Z.wav,7379.3,4.8,DARBY,Fall 2024,2017-09-12T03:28:06.301Z,,2082409,Plovers and Lapwings,charadriidae,1.90000000000055,3.30000000000018,0,11025,Unreviewed,,,nfc_taxo139b,0.958639323711395,tune-MPG-shorebirds-test
1337932,MPGNORTH_2017-09-09_18.45.00_Z_72.wav,MPGNORTH_20170909_184500.wav,15274.7,4.6,MPGNORTH,Fall 2024,2017-09-09T22:59:34.701Z,,2416599,Semipalmated Plover,semplo,1.5,3.10000000000036,0,11025,Reviewed,,,nfc_taxo141,0.999989151954651,
1337931,MPGNORTH_2017-09-09_18.45.00_Z_71.wav,MPGNORTH_20170909_184500.wav,15240.1,29,MPGNORTH,Fall 2024,2017-09-09T22:59:00.101Z,,2416580,Semipalmated Plover,semplo,1.5,3.30000000000109,0,11025,Reviewed,,,nfc_taxo141,0.994231879711151,
1337931,MPGNORTH_2017-09-09_18.45.00_Z_71.wav,MPGNORTH_20170909_184500.wav,15240.1,29,MPGNORTH,Fall 2024,2017-09-09T22:59:00.104Z,,2416581,Semipalmated Plover,semplo,4.5,5.89999999999964,0,11025,Reviewed,,,nfc_taxo141,0.999606311321259,
1337931,MPGNORTH_2017-09-09_18.45.00_Z_71.wav,MPGNORTH_20170909_184500.wav,15240.1,29,MPGNORTH,Fall 2024,2017-09-09T22:59:00.108Z,,2416582,Semipalmated Plover,semplo,8.10000000000036,9.5,0,11025,Reviewed,,,nfc_taxo141,0.992691695690155,
1337931,MPGNORTH_2017-09-09_18.45.00_Z_71.wav,MPGNORTH_20170909_184500.wav,15240.1,29,MPGNORTH,Fall 2024,2017-09-09T22:59:00.108Z,,2416583,Plovers and Lapwings,charadriidae,8.10000000000036,9.89999999999964,0,11025,Unreviewed,,,nfc_taxo139b,0.991692841053009,tune-MPG-shorebirds-train
1337931,MPGNORTH_2017-09-09_18.45.00_Z_71.wav,MPGNORTH_20170909_184500.wav,15240.1,29,MPGNORTH,Fall 2024,2017-09-09T22:59:00.110Z,,2416584,Semipalmated Plover,semplo,10.5,12.1000000000004,0,11025,Reviewed,,,nfc_taxo141,0.999996066093445,
1337931,MPGNORTH_2017-09-09_18.45.00_Z_71.wav,MPGNORTH_20170909_184500.wav,15240.1,29,MPGNORTH,Fall 2024,2017-09-09T22:59:00.110Z,,2416585,Semipalmated Plover,semplo,10.5,11.8999999999996,0,11025,Reviewed,,,nfc_taxo139b,0.999977350234985,tune-MPG-shorebirds-train
1337931,MPGNORTH_2017-09-09_18.45.00_Z_71.wav,MPGNORTH_20170909_184500.wav,15240.1,29,MPGNORTH,Fall 2024,2017-09-09T22:59:00.110Z,,2416586,Plovers and Lapwings,charadriidae,10.7000000000007,12.1000000000004,0,11025,Unreviewed,,,nfc_taxo139b,0.97282749414444,tune-MPG-shorebirds-train
1337931,MPGNORTH_2017-09-09_18.45.00_Z_71.wav,MPGNORTH_20170909_184500.wav,15240.1,29,MPGNORTH,Fall 2024,2017-09-09T22:59:00.112Z,,2416587,Semipalmated Plover,semplo,12.7000000000007,14.7000000000007,0,11025,Reviewed,,,nfc_taxo141,0.99999737739563,
1337931,MPGNORTH_2017-09-09_18.45.00_Z_71.wav,MPGNORTH_20170909_184500.wav,15240.1,29,MPGNORTH,Fall 2024,2017-09-09T22:59:00.112Z,,2416588,Semipalmated Plover,semplo,12.8999999999996,14.7000000000007,0,11025,Reviewed,,,nfc_taxo139b,0.99999988079071,tune-MPG-shorebirds-train
1337931,MPGNORTH_2017-09-09_18.45.00_Z_71.wav,MPGNORTH_20170909_184500.wav,15240.1,29,MPGNORTH,Fall 2024,2017-09-09T22:59:00.116Z,,2416589,Semipalmated Plover,semplo,16.5,18.3000000000011,0,11025,Reviewed,,,nfc_taxo141,0.999997496604919,
1337931,MPGNORTH_2017-09-09_18.45.00_Z_71.wav,MPGNORTH_20170909_184500.wav,15240.1,29,MPGNORTH,Fall 2024,2017-09-09T22:59:00.116Z,,2416590,Semipalmated Plover,semplo,16.5,18.3000000000011,0,11025,Reviewed,,,nfc_taxo139b,0.99999988079071,tune-MPG-shorebirds-train
1337931,MPGNORTH_2017-09-09_18.45.00_Z_71.wav,MPGNORTH_20170909_184500.wav,15240.1,29,MPGNORTH,Fall 2024,2017-09-09T22:59:00.118Z,,2416591,Semipalmated Plover,semplo,18.8999999999996,20.8999999999996,0,11025,Reviewed,,,nfc_taxo141,0.99999725818634,
1337931,MPGNORTH_2017-09-09_18.45.00_Z_71.wav,MPGNORTH_20170909_184500.wav,15240.1,29,MPGNORTH,Fall 2024,2017-09-09T22:59:00.118Z,,2416592,Plovers and Lapwings,charadriidae,18.8999999999996,20.1000000000004,0,11025,Unreviewed,,,nfc_taxo139b,0.99396026134491,tune-MPG-shorebirds-train
1337931,MPGNORTH_2017-09-09_18.45.00_Z_71.wav,MPGNORTH_20170909_184500.wav,15240.1,29,MPGNORTH,Fall 2024,2017-09-09T22:59:00.119Z,,2416593,Semipalmated Plover,semplo,19.3000000000011,20.8999999999996,0,11025,Reviewed,,,nfc_taxo139b,0.99999988079071,tune-MPG-shorebirds-train
1337931,MPGNORTH_2017-09-09_18.45.00_Z_71.wav,MPGNORTH_20170909_184500.wav,15240.1,29,MPGNORTH,Fall 2024,2017-09-09T22:59:00.121Z,,2416594,Semipalmated Plover,semplo,21.8999999999996,23.7000000000007,0,11025,Reviewed,,,nfc_taxo141,0.999997138977051,
1337931,MPGNORTH_2017-09-09_18.45.00_Z_71.wav,MPGNORTH_20170909_184500.wav,15240.1,29,MPGNORTH,Fall 2024,2017-09-09T22:59:00.121Z,,2416595,Plovers and Lapwings,charadriidae,21.8999999999996,23.1000000000004,0,11025,Unreviewed,,,nfc_taxo139b,0.998722851276398,tune-MPG-shorebirds-train
1337931,MPGNORTH_2017-09-09_18.45.00_Z_71.wav,MPGNORTH_20170909_184500.wav,15240.1,29,MPGNORTH,Fall 2024,2017-09-09T22:59:00.122Z,,2416596,Semipalmated Plover,semplo,22.3000000000011,23.7000000000007,0,11025,Reviewed,,,nfc_taxo139b,0.999999523162842,tune-MPG-shorebirds-train
1337931,MPGNORTH_2017-09-09_18.45.00_Z_71.wav,MPGNORTH_20170909_184500.wav,15240.1,29,MPGNORTH,Fall 2024,2017-09-09T22:59:00.125Z,,2416597,Semipalmated Plover,semplo,25.7000000000007,27.5,0,11025,Reviewed,,,nfc_taxo141,0.999997496604919,
1337931,MPGNORTH_2017-09-09_18.45.00_Z_71.wav,MPGNORTH_20170909_184500.wav,15240.1,29,MPGNORTH,Fall 2024,2017-09-09T22:59:00.125Z,,2416598,Semipalmated Plover,semplo,25.7000000000007,27.5,0,11025,Reviewed,,,nfc_taxo139b,0.99999988079071,tune-MPG-shorebirds-train
1337930,MPGNORTH_2017-09-09_18.45.00_Z_70.wav,MPGNORTH_20170909_184500.wav,15233.5,4.6,MPGNORTH,Fall 2024,2017-09-09T22:58:53.501Z,,2416579,Semipalmated Plover,semplo,1.5,3.10000000000036,0,11025,Reviewed,,,nfc_taxo141,0.999039828777313,
1337929,MPGNORTH_2017-09-09_18.45.00_Z_69.wav,MPGNORTH_20170909_184500.wav,15228.5,4.6,MPGNORTH,Fall 2024,2017-09-09T22:58:48.501Z,,2416578,Semipalmated Plover,semplo,1.5,3.10000000000036,0,11025,Reviewed,,,nfc_taxo141,0.999091625213623,
750229,SHEEP_2017-09-05_19.37.00_Z_263.wav,SHEEP-21C_20170905_193700.wav,41769.700000000004,4.4,SHEEP,Fall 2024,2017-09-06T07:13:09.701Z,,1429026,Semipalmated Plover,semplo,1.5,2.90000000000146,0,11025,Reviewed,,,nfc_taxo141,0.999966859817505,
1156256,DARBY_2017-08-29_01.51.49_Z_363.wav,Darby_2017-08-29_01.51.49_Z.wav,22603.100000000002,23.2,DARBY,Fall 2024,2017-08-29T08:08:32.101Z,,2075529,,passeriformes,1.5,3.29999999999927,0,11025,Unreviewed,,,nfc_taxo139b,0.938500881195068,tune-MPG-shorebirds-test
1156256,DARBY_2017-08-29_01.51.49_Z_363.wav,Darby_2017-08-29_01.51.49_Z.wav,22603.100000000002,23.2,DARBY,Fall 2024,2017-08-29T08:08:32.105Z,,2075530,New World Warblers,parulidae,5.29999999999927,6.89999999999782,0,11025,Unreviewed,,,nfc_taxo139b,0.959908068180084,tune-MPG-shorebirds-test
1156256,DARBY_2017-08-29_01.51.49_Z_363.wav,Darby_2017-08-29_01.51.49_Z.wav,22603.100000000002,23.2,DARBY,Fall 2024,2017-08-29T08:08:32.108Z,,2075531,Semipalmated Plover,semplo,8.89999999999782,10.5,0,11025,Reviewed,,,nfc_taxo141,0.999987721443176,
1156256,DARBY_2017-08-29_01.51.49_Z_363.wav,Darby_2017-08-29_01.51.49_Z.wav,22603.100000000002,23.2,DARBY,Fall 2024,2017-08-29T08:08:32.112Z,,2075532,,desp,12.8999999999978,14.8999999999978,0,11025,Unreviewed,,,nfc_taxo139b,0.98596978187561,tune-MPG-shorebirds-train
1156256,DARBY_2017-08-29_01.51.49_Z_363.wav,Darby_2017-08-29_01.51.49_Z.wav,22603.100000000002,23.2,DARBY,Fall 2024,2017-08-29T08:08:32.116Z,,2075533,,desp,16.5,18.0999999999985,0,11025,Unreviewed,,,nfc_taxo139b,0.984768509864807,tune-MPG-shorebirds-train
1156256,DARBY_2017-08-29_01.51.49_Z_363.wav,Darby_2017-08-29_01.51.49_Z.wav,22603.100000000002,23.2,DARBY,Fall 2024,2017-08-29T08:08:32.116Z,,2075534,,passeriformes,16.7000000000007,18.5,0,11025,Unreviewed,,,nfc_taxo139b,0.918810129165649,tune-MPG-shorebirds-train
1156256,DARBY_2017-08-29_01.51.49_Z_363.wav,Darby_2017-08-29_01.51.49_Z.wav,22603.100000000002,23.2,DARBY,Fall 2024,2017-08-29T08:08:32.119Z,,2075535,,desp,19.7000000000007,21.7000000000007,0,11025,Unreviewed,,,nfc_taxo139b,0.990878045558929,tune-MPG-shorebirds-train
1156184,DARBY_2017-08-29_01.51.49_Z_291.wav,Darby_2017-08-29_01.51.49_Z.wav,20273.9,4.8,DARBY,Fall 2024,2017-08-29T07:29:42.901Z,,2075416,Semipalmated Plover,semplo,1.5,3.29999999999927,0,11025,Reviewed,,,nfc_taxo141,0.999994993209839,
1156184,DARBY_2017-08-29_01.51.49_Z_291.wav,Darby_2017-08-29_01.51.49_Z.wav,20273.9,4.8,DARBY,Fall 2024,2017-08-29T07:29:42.901Z,,2075417,Semipalmated Plover,semplo,1.90000000000146,3.29999999999927,0,11025,Reviewed,,,nfc_taxo139b,0.999995589256287,tune-MPG-shorebirds-test
1156168,DARBY_2017-08-29_01.51.49_Z_275.wav,Darby_2017-08-29_01.51.49_Z.wav,19754.5,11.2,DARBY,Fall 2024,2017-08-29T07:21:03.501Z,,2075391,Semipalmated Plover,semplo,1.5,3.30000000000291,0,11025,Reviewed,,,nfc_taxo141,0.99999737739563,
1156168,DARBY_2017-08-29_01.51.49_Z_275.wav,Darby_2017-08-29_01.51.49_Z.wav,19754.5,11.2,DARBY,Fall 2024,2017-08-29T07:21:03.501Z,,2075392,Semipalmated Plover,semplo,1.5,3.10000000000218,0,11025,Reviewed,,,nfc_taxo139b,0.99999988079071,tune-MPG-shorebirds-test
1156168,DARBY_2017-08-29_01.51.49_Z_275.wav,Darby_2017-08-29_01.51.49_Z.wav,19754.5,11.2,DARBY,Fall 2024,2017-08-29T07:21:03.505Z,,2075393,,passeriformes,5.30000000000291,7.30000000000291,0,11025,Unreviewed,,,nfc_taxo139b,0.967524886131287,tune-MPG-shorebirds-test
1156168,DARBY_2017-08-29_01.51.49_Z_275.wav,Darby_2017-08-29_01.51.49_Z.wav,19754.5,11.2,DARBY,Fall 2024,2017-08-29T07:21:03.507Z,,2075394,Semipalmated Plover,semplo,7.90000000000146,9.70000000000073,0,11025,Reviewed,,,nfc_taxo141,0.999997138977051,
1156168,DARBY_2017-08-29_01.51.49_Z_275.wav,Darby_2017-08-29_01.51.49_Z.wav,19754.5,11.2,DARBY,Fall 2024,2017-08-29T07:21:03.507Z,,2075395,Semipalmated Plover,semplo,7.90000000000146,9.5,0,11025,Reviewed,,,nfc_taxo139b,0.99999988079071,tune-MPG-shorebirds-test
1156042,DARBY_2017-08-29_01.51.49_Z_149.wav,Darby_2017-08-29_01.51.49_Z.wav,16598.3,16.6,DARBY,Fall 2024,2017-08-29T06:28:27.301Z,,2075179,Semipalmated Plover,semplo,1.5,3.30000000000291,0,11025,Reviewed,,,nfc_taxo141,0.99999737739563,
1156042,DARBY_2017-08-29_01.51.49_Z_149.wav,Darby_2017-08-29_01.51.49_Z.wav,16598.3,16.6,DARBY,Fall 2024,2017-08-29T06:28:27.301Z,,2075180,Semipalmated Plover,semplo,1.5,4.5,0,11025,Reviewed,,,nfc_taxo139b,0.99999988079071,tune-MPG-shorebirds-train
1156042,DARBY_2017-08-29_01.51.49_Z_149.wav,Darby_2017-08-29_01.51.49_Z.wav,16598.3,16.6,DARBY,Fall 2024,2017-08-29T06:28:27.303Z,,2075181,Plovers and Lapwings,charadriidae,3.10000000000218,6.10000000000218,0,11025,Unreviewed,,,nfc_taxo139b,0.999002277851105,tune-MPG-shorebirds-train
1156042,DARBY_2017-08-29_01.51.49_Z_149.wav,Darby_2017-08-29_01.51.49_Z.wav,16598.3,16.6,DARBY,Fall 2024,2017-08-29T06:28:27.306Z,,2075182,Semipalmated Plover,semplo,6.10000000000218,7.90000000000146,0,11025,Reviewed,,,nfc_taxo141,0.99999725818634,
1156042,DARBY_2017-08-29_01.51.49_Z_149.wav,Darby_2017-08-29_01.51.49_Z.wav,16598.3,16.6,DARBY,Fall 2024,2017-08-29T06:28:27.306Z,,2075183,Semipalmated Plover,semplo,6.10000000000218,7.70000000000073,0,11025,Reviewed,,,nfc_taxo139b,0.99999988079071,tune-MPG-shorebirds-train
1156042,DARBY_2017-08-29_01.51.49_Z_149.wav,Darby_2017-08-29_01.51.49_Z.wav,16598.3,16.6,DARBY,Fall 2024,2017-08-29T06:28:27.308Z,,2075184,Semipalmated Plover,semplo,8.30000000000291,9.90000000000146,0,11025,Reviewed,,,nfc_taxo141,0.99999725818634,
1156042,DARBY_2017-08-29_01.51.49_Z_149.wav,Darby_2017-08-29_01.51.49_Z.wav,16598.3,16.6,DARBY,Fall 2024,2017-08-29T06:28:27.308Z,,2075185,Semipalmated Plover,semplo,8.30000000000291,9.90000000000146,0,11025,Reviewed,,,nfc_taxo139b,0.99999988079071,tune-MPG-shorebirds-train
1156042,DARBY_2017-08-29_01.51.49_Z_149.wav,Darby_2017-08-29_01.51.49_Z.wav,16598.3,16.6,DARBY,Fall 2024,2017-08-29T06:28:27.310Z,,2075186,Semipalmated Plover,semplo,10.1000000000022,11.3000000000029,0,11025,Reviewed,,,nfc_taxo141,0.999950766563416,
1156042,DARBY_2017-08-29_01.51.49_Z_149.wav,Darby_2017-08-29_01.51.49_Z.wav,16598.3,16.6,DARBY,Fall 2024,2017-08-29T06:28:27.310Z,,2075187,Plovers and Lapwings,charadriidae,10.1000000000022,11.5,0,11025,Unreviewed,,,nfc_taxo139b,0.997304677963257,tune-MPG-shorebirds-train
1156042,DARBY_2017-08-29_01.51.49_Z_149.wav,Darby_2017-08-29_01.51.49_Z.wav,16598.3,16.6,DARBY,Fall 2024,2017-08-29T06:28:27.311Z,,2075188,Semipalmated Plover,semplo,11.5,13.3000000000029,0,11025,Reviewed,,,nfc_taxo141,0.999996662139893,
1156042,DARBY_2017-08-29_01.51.49_Z_149.wav,Darby_2017-08-29_01.51.49_Z.wav,16598.3,16.6,DARBY,Fall 2024,2017-08-29T06:28:27.311Z,,2075189,Semipalmated Plover,semplo,11.5,13.3000000000029,0,11025,Reviewed,,,nfc_taxo139b,0.999999642372131,tune-MPG-shorebirds-train
1156042,DARBY_2017-08-29_01.51.49_Z_149.wav,Darby_2017-08-29_01.51.49_Z.wav,16598.3,16.6,DARBY,Fall 2024,2017-08-29T06:28:27.313Z,,2075190,Semipalmated Plover,semplo,13.5,15.1000000000022,0,11025,Reviewed,,,nfc_taxo141,0.998494148254395,
1140145,BELLXING_2017-08-26_00.00.00_Z_171.wav,BELLXING_20170826_000000.wav,21803.7,4.8,BELLXING,Fall 2024,2017-08-26T06:03:23.701Z,,2047712,American Golden-Plover,amgplo,1.5,2.90000000000146,0,11025,Unreviewed,,,nfc_taxo141,0.999801456928253,
1140145,BELLXING_2017-08-26_00.00.00_Z_171.wav,BELLXING_20170826_000000.wav,21803.7,4.8,BELLXING,Fall 2024,2017-08-26T06:03:23.701Z,,2047713,American Golden-Plover,amgplo,1.5,2.90000000000146,0,11025,Problem,,,nfc_taxo139b,0.998649656772614,tune-MPG-shorebirds-test
1140145,BELLXING_2017-08-26_00.00.00_Z_171.wav,BELLXING_20170826_000000.wav,21803.7,4.8,BELLXING,Fall 2024,2017-08-26T06:03:23.701Z,,2047714,Semipalmated Plover,semplo,1.70000000000073,3.29999999999927,0,11025,Reviewed,,,nfc_taxo141,0.999981760978699,
1140145,BELLXING_2017-08-26_00.00.00_Z_171.wav,BELLXING_20170826_000000.wav,21803.7,4.8,BELLXING,Fall 2024,2017-08-26T06:03:23.702Z,,2047715,Plovers and Lapwings,charadriidae,2.10000000000218,3.29999999999927,0,11025,Unreviewed,,,nfc_taxo139b,0.99908971786499,tune-MPG-shorebirds-test
1140144,BELLXING_2017-08-26_00.00.00_Z_170.wav,BELLXING_20170826_000000.wav,21791.5,6.4,BELLXING,Fall 2024,2017-08-26T06:03:11.501Z,,2047707,,passeriformes,1.5,3.30000000000291,0,11025,Unreviewed,,,nfc_taxo139b,0.977485656738281,tune-MPG-shorebirds-train
1140144,BELLXING_2017-08-26_00.00.00_Z_170.wav,BELLXING_20170826_000000.wav,21791.5,6.4,BELLXING,Fall 2024,2017-08-26T06:03:11.503Z,,2047708,Semipalmated Plover,semplo,3.30000000000291,4.90000000000146,0,11025,Reviewed,,,nfc_taxo141,0.999996542930603,
1140144,BELLXING_2017-08-26_00.00.00_Z_170.wav,BELLXING_20170826_000000.wav,21791.5,6.4,BELLXING,Fall 2024,2017-08-26T06:03:11.503Z,,2047709,American Golden-Plover,amgplo,3.30000000000291,4.70000000000073,0,11025,Unreviewed,,,nfc_taxo141,0.902126550674438,
1140144,BELLXING_2017-08-26_00.00.00_Z_170.wav,BELLXING_20170826_000000.wav,21791.5,6.4,BELLXING,Fall 2024,2017-08-26T06:03:11.503Z,,2047710,American Golden-Plover,amgplo,3.30000000000291,4.70000000000073,0,11025,Problem,,,nfc_taxo139b,0.995085775852203,tune-MPG-shorebirds-train
1140144,BELLXING_2017-08-26_00.00.00_Z_170.wav,BELLXING_20170826_000000.wav,21791.5,6.4,BELLXING,Fall 2024,2017-08-26T06:03:11.503Z,,2047711,Semipalmated Plover,semplo,3.5,4.90000000000146,0,11025,Reviewed,,,nfc_taxo139b,0.99999725818634,tune-MPG-shorebirds-train
834765,YVAS_2017-08-18_01.48.05_Z_33.wav,YVAS_2017-08-18_01.48.05_Z.wav,8491.5,6.8,YVAS,Fall 2024,2017-08-18T04:09:36.501Z,,1576204,Spotted Sandpiper,sposan,1.5,2.89999999999964,0,11025,Unreviewed,,,nfc_taxo141,0.949179470539093,
834765,YVAS_2017-08-18_01.48.05_Z_33.wav,YVAS_2017-08-18_01.48.05_Z.wav,8491.5,6.8,YVAS,Fall 2024,2017-08-18T04:09:36.503Z,,1576205,Semipalmated Plover,semplo,3.5,5.30000000000109,0,11025,Reviewed,,,nfc_taxo141,0.99999725818634,
834765,YVAS_2017-08-18_01.48.05_Z_33.wav,YVAS_2017-08-18_01.48.05_Z.wav,8491.5,6.8,YVAS,Fall 2024,2017-08-18T04:09:36.503Z,,1576206,Semipalmated Plover,semplo,3.5,5.30000000000109,0,11025,Reviewed,,,nfc_taxo139b,0.99999988079071,tune-MPG-shorebirds-test
813771,WEBER_2017-08-07_06.30.39_Z_6.wav,WEBER_20170807_063039.wav,598.1,4.2,WEBER,Fall 2024,2017-08-07T06:40:37.101Z,,1538659,Semipalmated Plover,semplo,1.5,2.70000000000005,0,11025,Reviewed,,,nfc_taxo141,0.999935030937195,
813771,WEBER_2017-08-07_06.30.39_Z_6.wav,WEBER_20170807_063039.wav,598.1,4.2,WEBER,Fall 2024,2017-08-07T06:40:37.101Z,,1538660,Plovers and Lapwings,charadriidae,1.5,2.70000000000005,0,11025,Unreviewed,,,nfc_taxo139b,0.997047364711761,tune-MPG-shorebirds-train
813770,WEBER_2017-08-07_06.30.39_Z_5.wav,WEBER_20170807_063039.wav,589.5,6,WEBER,Fall 2024,2017-08-07T06:40:28.501Z,,1538657,Semipalmated Plover,semplo,1.5,4.5,0,11025,Reviewed,,,nfc_taxo141,0.999992847442627,
813770,WEBER_2017-08-07_06.30.39_Z_5.wav,WEBER_20170807_063039.wav,589.5,6,WEBER,Fall 2024,2017-08-07T06:40:28.502Z,,1538658,Plovers and Lapwings,charadriidae,2.70000000000005,4.10000000000002,0,11025,Unreviewed,,,nfc_taxo139b,0.995790421962738,tune-MPG-shorebirds-test
813769,WEBER_2017-08-07_06.30.39_Z_4.wav,WEBER_20170807_063039.wav,579.9,8,WEBER,Fall 2024,2017-08-07T06:40:18.901Z,,1538653,Semipalmated Plover,semplo,1.5,3.10000000000002,0,11025,Reviewed,,,nfc_taxo141,0.999993085861206,
813769,WEBER_2017-08-07_06.30.39_Z_4.wav,WEBER_20170807_063039.wav,579.9,8,WEBER,Fall 2024,2017-08-07T06:40:18.901Z,,1538654,Semipalmated Plover,semplo,1.70000000000005,3.10000000000002,0,11025,Reviewed,,,nfc_taxo139b,0.995355725288391,tune-MPG-shorebirds-train
813769,WEBER_2017-08-07_06.30.39_Z_4.wav,WEBER_20170807_063039.wav,579.9,8,WEBER,Fall 2024,2017-08-07T06:40:18.904Z,,1538655,Semipalmated Plover,semplo,4.90000000000009,6.5,0,11025,Reviewed,,,nfc_taxo141,0.999995350837708,
813769,WEBER_2017-08-07_06.30.39_Z_4.wav,WEBER_20170807_063039.wav,579.9,8,WEBER,Fall 2024,2017-08-07T06:40:18.904Z,,1538656,Semipalmated Plover,semplo,4.90000000000009,6.10000000000002,0,11025,Reviewed,,,nfc_taxo139b,0.999950885772705,tune-MPG-shorebirds-train
813768,WEBER_2017-08-07_06.30.39_Z_3.wav,WEBER_20170807_063039.wav,572.7,6.2,WEBER,Fall 2024,2017-08-07T06:40:11.701Z,,1538650,Semipalmated Plover,semplo,1.5,4.69999999999993,0,11025,Reviewed,,,nfc_taxo141,0.999996662139893,
813768,WEBER_2017-08-07_06.30.39_Z_3.wav,WEBER_20170807_063039.wav,572.7,6.2,WEBER,Fall 2024,2017-08-07T06:40:11.701Z,,1538651,Semipalmated Plover,semplo,1.69999999999993,3.29999999999995,0,11025,Reviewed,,,nfc_taxo139b,0.999999761581421,tune-MPG-shorebirds-test
813768,WEBER_2017-08-07_06.30.39_Z_3.wav,WEBER_20170807_063039.wav,572.7,6.2,WEBER,Fall 2024,2017-08-07T06:40:11.703Z,,1538652,Plovers and Lapwings,charadriidae,3.29999999999995,4.5,0,11025,Unreviewed,,,nfc_taxo139b,0.99783843755722,tune-MPG-shorebirds-test
813767,WEBER_2017-08-07_06.30.39_Z_2.wav,WEBER_20170807_063039.wav,562.7,4.4,WEBER,Fall 2024,2017-08-07T06:40:01.701Z,,1538649,Semipalmated Plover,semplo,1.5,2.89999999999998,0,11025,Reviewed,,,nfc_taxo141,0.998472034931183,
1211257,FLOOD_2017-07-27_20.44.00_Z_399.wav,FLOOD-21C_20170727_204400.wav,30399.100000000002,7,FLOOD,Fall 2024,2017-07-28T05:10:39.101Z,,2176599,Semipalmated Plover,semplo,1.5,3.29999999999927,0,11025,Reviewed,,,nfc_taxo141,0.99999725818634,
1211257,FLOOD_2017-07-27_20.44.00_Z_399.wav,FLOOD-21C_20170727_204400.wav,30399.100000000002,7,FLOOD,Fall 2024,2017-07-28T05:10:39.101Z,,2176600,Semipalmated Plover,semplo,1.70000000000073,3.29999999999927,0,11025,Reviewed,,,nfc_taxo139b,0.99999988079071,tune-MPG-shorebirds-test
1211257,FLOOD_2017-07-27_20.44.00_Z_399.wav,FLOOD-21C_20170727_204400.wav,30399.100000000002,7,FLOOD,Fall 2024,2017-07-28T05:10:39.103Z,,2176601,Spotted Sandpiper,sposan,3.70000000000073,5.5,0,11025,Unreviewed,,,nfc_taxo141,0.988129079341888,
1211257,FLOOD_2017-07-27_20.44.00_Z_399.wav,FLOOD-21C_20170727_204400.wav,30399.100000000002,7,FLOOD,Fall 2024,2017-07-28T05:10:39.103Z,,2176602,Spotted Sandpiper,sposan,3.70000000000073,5.5,0,11025,Unreviewed,,,nfc_taxo139b,0.99538666009903,tune-MPG-shorebirds-test
1327223,FLORENCE_2017-05-28_02.47.46_Z_5.wav,Florence_2017-05-28_02.47.46_Z.wav,577.3000000000001,4.6,FLORENCE,Fall 2024,2017-05-28T02:57:23.301Z,,2399136,Semipalmated Plover,semplo,1.5,2.89999999999998,0,11025,Reviewed,,,nfc_taxo141,0.999580085277557,
1327223,FLORENCE_2017-05-28_02.47.46_Z_5.wav,Florence_2017-05-28_02.47.46_Z.wav,577.3000000000001,4.6,FLORENCE,Fall 2024,2017-05-28T02:57:23.301Z,,2399137,,charadriiformes,1.89999999999998,3.09999999999991,0,11025,Unreviewed,,,nfc_taxo139b,0.943242490291595,tune-MPG-shorebirds-test
1046988,DARBY_2016-10-26_18.01.00_Z_6.wav,darby_20161026_180100.wav,4498.5,4.6,DARBY,Fall 2024,2016-10-26T19:15:58.501Z,,1887758,Semipalmated Plover,semplo,1.5,3.10000000000036,0,11025,Problem,,,nfc_taxo141,0.999609529972076,
1046810,DARBY_2016-10-23_01.00.01_Z_5.wav,darby_20161023_010001.wav,24640.7,4.4,DARBY,Fall 2024,2016-10-23T07:50:41.701Z,,1887574,Semipalmated Plover,semplo,1.5,2.90000000000146,0,11025,Reviewed,,,nfc_taxo141,0.99942821264267,
1073156,FLORENCE_2016-09-15_19.17.00_Z_9.wav,florence_20160915_191700.wav,44374.5,4.6,FLORENCE,Fall 2024,2016-09-16T07:36:34.501Z,,1930326,Semipalmated Plover,semplo,1.5,3.10000000000582,0,11025,Problem,,,nfc_taxo141,0.999981760978699,
1078071,SHEEP_2016-07-21_03.36.45_Z_3.wav,SHEEP-NFC21C_20160721_033645.wav,8665.1,4.4,SHEEP,Fall 2024,2016-07-21T06:01:10.101Z,,1935749,Semipalmated Plover,semplo,1.5,2.89999999999964,0,11025,Problem,,,nfc_taxo141,0.999985694885254,
1075444,RIDGE_2016-07-06_03.47.45_Z_0.wav,RIDGE-NFC21C_20160706_034745.wav,4119.7,4.4,RIDGE,Fall 2024,2016-07-06T04:56:24.701Z,,1932683,Semipalmated Plover,semplo,1.5,2.90000000000055,0,11025,Reviewed,,,nfc_taxo141,0.999967932701111,
1371911,ANGELA_2016-06-22_10.31.02_Z_merge1_0.wav,ANGELA-NFC_20160621_203207.wav,28735.100000000002,4.4,ANGELA,Fall 2024,2016-06-22T12:29:57.201Z,,2481275,Semipalmated Plover,semplo,1.5,2.89999999999782,0,11025,Problem,,,nfc_taxo141,0.839395403862,
1042270,ANGELA_2016-06-21_20.32.07_Z_13.wav,ANGELA-NFC_20160621_203207.wav,29269.300000000003,4.4,ANGELA,Fall 2024,2016-06-22T04:39:56.301Z,,1882021,Semipalmated Plover,semplo,1.5,2.89999999999782,0,11025,Problem,,,nfc_taxo141,0.999024033546448,
1042269,ANGELA_2016-06-21_20.32.07_Z_12.wav,ANGELA-NFC_20160621_203207.wav,29118.300000000003,4.2,ANGELA,Fall 2024,2016-06-22T04:37:25.301Z,,1882020,Semipalmated Plover,semplo,1.5,2.69999999999709,0,11025,Problem,,,nfc_taxo141,0.998754620552063,
1077424,FLORENCE_2016-06-21_21.04.00_Z_0.wav,florence_20160621_210400.wav,87.10000000000001,4.2,FLORENCE,Fall 2024,2016-06-21T21:05:27.101Z,,1934875,Semipalmated Plover,semplo,1.5,2.7,0,11025,Problem,,,nfc_taxo141,0.997304558753967,
1055299,FLOOD_2016-06-15_21.02.00_Z_59.wav,FLOOD-NFC21C_20160615_210200.wav,2044.1000000000001,4.4,FLOOD,Fall 2024,2016-06-15T21:36:04.101Z,,1899223,Semipalmated Plover,semplo,1.5,2.89999999999986,0,11025,Reviewed,,,nfc_taxo141,0.996503949165344,
1041628,ANGELA_2016-06-09_20.28.11_Z_12.wav,ANGELA-NFC_20160609_202811.wav,32067.300000000003,4.2,ANGELA,Fall 2024,2016-06-10T05:22:38.301Z,,1880952,Semipalmated Plover,semplo,1.5,2.69999999999709,0,11025,Problem,,,nfc_taxo141,0.999945044517517,
1041626,ANGELA_2016-06-09_20.28.11_Z_10.wav,ANGELA-NFC_20160609_202811.wav,30052.100000000002,4.4,ANGELA,Fall 2024,2016-06-10T04:49:03.101Z,,1880950,Semipalmated Plover,semplo,1.5,2.89999999999782,0,11025,Problem,,,nfc_taxo141,0.999996662139893,
1041625,ANGELA_2016-06-09_20.28.11_Z_9.wav,ANGELA-NFC_20160609_202811.wav,29969.100000000002,4.6,ANGELA,Fall 2024,2016-06-10T04:47:40.101Z,,1880949,Semipalmated Plover,semplo,1.5,3.09999999999854,0,11025,Problem,,,nfc_taxo141,0.99999463558197,
1041624,ANGELA_2016-06-09_20.28.11_Z_8.wav,ANGELA-NFC_20160609_202811.wav,29747.300000000003,4.2,ANGELA,Fall 2024,2016-06-10T04:43:58.301Z,,1880948,Semipalmated Plover,semplo,1.5,2.69999999999709,0,11025,Problem,,,nfc_taxo141,0.933851182460785,
1041623,ANGELA_2016-06-09_20.28.11_Z_7.wav,ANGELA-NFC_20160609_202811.wav,29644.100000000002,4.4,ANGELA,Fall 2024,2016-06-10T04:42:15.101Z,,1880947,Semipalmated Plover,semplo,1.5,2.89999999999782,0,11025,Problem,,,nfc_taxo141,0.999944686889648,
1041622,ANGELA_2016-06-09_20.28.11_Z_6.wav,ANGELA-NFC_20160609_202811.wav,29565.7,4.4,ANGELA,Fall 2024,2016-06-10T04:40:56.701Z,,1880946,Semipalmated Plover,semplo,1.5,2.90000000000146,0,11025,Problem,,,nfc_taxo141,0.989661574363708,
1041621,ANGELA_2016-06-09_20.28.11_Z_5.wav,ANGELA-NFC_20160609_202811.wav,29507.7,4.2,ANGELA,Fall 2024,2016-06-10T04:39:58.701Z,,1880945,Semipalmated Plover,semplo,1.5,2.70000000000073,0,11025,Problem,,,nfc_taxo141,0.993846952915192,
1041620,ANGELA_2016-06-09_20.28.11_Z_4.wav,ANGELA-NFC_20160609_202811.wav,28420.100000000002,4.2,ANGELA,Fall 2024,2016-06-10T04:21:51.101Z,,1880944,Semipalmated Plover,semplo,1.5,2.70000000000073,0,11025,Problem,,,nfc_taxo141,0.994024097919464,
1041619,ANGELA_2016-06-09_20.28.11_Z_3.wav,ANGELA-NFC_20160609_202811.wav,28194.300000000003,4.4,ANGELA,Fall 2024,2016-06-10T04:18:05.301Z,,1880943,Semipalmated Plover,semplo,1.5,2.89999999999782,0,11025,Problem,,,nfc_taxo141,0.999167442321777,
1079900,SHEEP_2016-06-04_20.55.00_Z_2.wav,SHEEP-NFC21C_20160604_205500.wav,150.5,4.6,SHEEP,Fall 2024,2016-06-04T20:57:30.501Z,,1939253,Semipalmated Plover,semplo,1.5,3.09999999999999,0,11025,Reviewed,,,nfc_taxo141,0.999909281730652,
1372043,FLOOD_2016-06-01_09.59.31_Z_merge1_0.wav,FLOOD-NFC21C_20160601_033745.wav,1306.9,4.4,FLOOD,Fall 2024,2016-06-01T04:21:18.801Z,,2481580,Semipalmated Plover,semplo,1.5,2.90000000000009,0,11025,Reviewed,,,nfc_taxo141,0.851892113685608,
1076735,FLORENCE_2016-05-26_20.47.00_Z_9.wav,florence_20160526_204700.wav,12218.5,4.2,FLORENCE,Fall 2024,2016-05-27T00:10:38.501Z,,1934148,Semipalmated Plover,semplo,1.5,2.70000000000073,0,11025,Problem,,,nfc_taxo141,0.999532699584961,
1074504,RIDGE_2016-05-25_20.46.00_Z_0.wav,RIDGE-NFC21C_20160525_204600.wav,76.30000000000001,4.4,RIDGE,Fall 2024,2016-05-25T20:47:16.301Z,,1931696,Semipalmated Plover,semplo,1.5,2.89999999999999,0,11025,Reviewed,,,nfc_taxo141,0.917894542217255,
1371990,DARBY_2016-05-22_05.32.10_Z_merge1_2.wav,darby_20160521_204000.wav,18538.9,10.2,DARBY,Fall 2024,2016-05-22T04:41:09.401Z,,2481384,American Golden-Plover,amgplo,1.5,3.29999999999927,0,11025,Unreviewed,,,nfc_taxo141,0.893021285533905,
1371990,DARBY_2016-05-22_05.32.10_Z_merge1_2.wav,darby_20160521_204000.wav,18538.9,10.2,DARBY,Fall 2024,2016-05-22T04:41:09.405Z,,2481385,American Golden-Plover,amgplo,5.29999999999927,8.5,0,11025,Unreviewed,,,nfc_taxo141,0.999877572059631,
1371990,DARBY_2016-05-22_05.32.10_Z_merge1_2.wav,darby_20160521_204000.wav,18538.9,10.2,DARBY,Fall 2024,2016-05-22T04:41:09.406Z,,2481386,Semipalmated Plover,semplo,6.89999999999782,8.70000000000073,0,11025,Problem,,,nfc_taxo141,0.994702279567719,
1044467,DARBY_2016-05-21_20.40.00_Z_80.wav,darby_20160521_204000.wav,13264.7,4.8,DARBY,Fall 2024,2016-05-22T00:21:04.701Z,,1884811,Semipalmated Plover,semplo,1.5,3.29999999999927,0,11025,Reviewed,,,nfc_taxo141,0.998840749263763,
1076510,FLORENCE_2016-05-16_20.36.00_Z_41.wav,florence_20160516_203600.wav,34441.5,4.8,FLORENCE,Fall 2024,2016-05-17T06:10:01.501Z,,1933908,Semipalmated Plover,semplo,1.5,3.30000000000291,0,11025,Problem,,,nfc_taxo141,0.999845743179321,
1076253,FLORENCE_2016-05-08_20.26.00_Z_35.wav,florence_20160508_202600.wav,33313.5,4.4,FLORENCE,Fall 2024,2016-05-09T05:41:13.501Z,,1933623,Semipalmated Plover,semplo,1.5,2.90000000000146,0,11025,Problem,,,nfc_taxo141,0.999988079071045,
1076185,FLORENCE_2016-05-07_20.25.00_Z_30.wav,florence_20160507_202500.wav,30172.9,4.2,FLORENCE,Fall 2024,2016-05-08T04:47:52.901Z,,1933550,Semipalmated Plover,semplo,1.5,2.70000000000073,0,11025,Reviewed,,,nfc_taxo141,0.999705731868744,
1076171,FLORENCE_2016-05-07_20.25.00_Z_16.wav,florence_20160507_202500.wav,19292.7,5,FLORENCE,Fall 2024,2016-05-08T01:46:32.701Z,,1933536,Semipalmated Plover,semplo,1.5,3.5,0,11025,Problem,,,nfc_taxo141,0.996551871299744,
1040193,ANGELA_2016-05-01_19.45.00_Z_5.wav,ANGELA-NFC_20160501_194500.wav,36370.3,4.2,ANGELA,Fall 2024,2016-05-02T05:51:10.301Z,,1878134,Semipalmated Plover,semplo,1.5,2.69999999999709,0,11025,Problem,,,nfc_taxo141,0.999915361404419,
1031515,ANGELA_2016-04-13_10.50.00_Z_2.wav,ANGELA-NFC_20160413_105000.wav,624.7,4.6,ANGELA,Fall 2024,2016-04-13T11:00:24.701Z,,1860627,Semipalmated Plover,semplo,1.5,3.10000000000002,0,11025,Reviewed,,,nfc_taxo141,0.99999725818634,
1018105,RIDGE_2015-10-02_18.44.00_Z_0.wav,RIDGE-NFC_20151002_184400.wav,1073.7,4.8,RIDGE,Fall 2024,2015-10-02T19:01:53.701Z,,1829368,Semipalmated Plover,semplo,1.5,3.29999999999995,0,11025,Reviewed,,,nfc_taxo141,0.999996542930603,
1019912,FLORENCE_2015-09-24_19.00.00_Z_35.wav,florence_20150924_190000.wav,44357.3,4.2,FLORENCE,Fall 2024,2015-09-25T07:19:17.301Z,,1831209,Semipalmated Plover,semplo,1.5,2.69999999999709,0,11025,Reviewed,,,nfc_taxo141,0.946540772914886,
1018913,FLORENCE_2015-09-17_19.14.00_Z_76.wav,florence_20150917_191400.wav,44657.100000000006,4.4,FLORENCE,Fall 2024,2015-09-18T07:38:17.101Z,,1830196,Semipalmated Plover,semplo,1.5,2.89999999999418,0,11025,Reviewed,,,nfc_taxo141,0.99936980009079,
1014394,FLOODPLAIN_2015-09-04_19.40.00_Z_0.wav,FLOODPLAIN_20150904_194000.wav,45.900000000000006,4.4,FLOODPLAIN,Fall 2024,2015-09-05T01:40:45.901Z,,1824174,Semipalmated Plover,semplo,1.5,2.9,0,11025,Reviewed,,,nfc_taxo141,0.999846339225769,
1013469,FLOODPLAIN_2015-08-14_03.05.44_Z_1.wav,FLOODPLAIN_20150814_030544.wav,9591.300000000001,4.4,FLOODPLAIN,Fall 2024,2015-08-14T11:45:35.301Z,,1822533,Semipalmated Plover,semplo,1.5,2.89999999999964,0,11025,Reviewed,,,nfc_taxo141,0.99995219707489,
1029584,MED_2015-08-06_20.08.32_Z_2.wav,MED-WHEEL_20150806_200832.wav,33932.700000000004,4.4,MED,Fall 2024,2015-08-07T11:34:04.701Z,,1855836,Semipalmated Plover,semplo,1.5,2.89999999999418,0,11025,Problem,,,nfc_taxo141,0.999839901924133,
1012582,FLOODPLAIN_2015-07-30_20.41.00_Z_21.wav,FLOODPLAIN_20150730_204100.wav,14926.300000000001,4.6,FLOODPLAIN,Fall 2024,2015-07-31T06:49:46.301Z,,1820958,Semipalmated Plover,semplo,1.5,3.10000000000036,0,11025,Reviewed,,,nfc_taxo141,0.997560620307922,
1019797,RIDGE_2015-07-14_20.57.00_Z_6.wav,RIDGE_20150714_205700.wav,33810.700000000004,4.2,RIDGE,Fall 2024,2015-07-15T06:20:30.701Z,,1831093,Semipalmated Plover,semplo,1.5,2.69999999999709,0,11025,Reviewed,,,nfc_taxo141,0.999056398868561,
1019768,RIDGE_2015-07-10_21.00.00_Z_5.wav,RIDGE_20150710_210000.wav,31721.7,4.4,RIDGE,Fall 2024,2015-07-11T05:48:41.701Z,,1831064,Semipalmated Plover,semplo,1.5,2.90000000000146,0,11025,Reviewed,,,nfc_taxo141,0.999996900558472,
1011068,FLOODPLAIN_2015-07-04_21.03.00_Z_0.wav,FLOODPLAIN_20150704_210300.wav,26.1,4.2,FLOODPLAIN,Fall 2024,2015-07-05T03:03:26.101Z,,1818931,Semipalmated Plover,semplo,1.5,2.7,0,11025,Reviewed,,,nfc_taxo141,0.985200047492981,
1009827,FLOODPLAIN_2015-06-27_21.04.00_Z_17.wav,FLOODPLAIN_20150627_210400.wav,704.1,4.2,FLOODPLAIN,Fall 2024,2015-06-28T03:15:44.101Z,,1817431,Semipalmated Plover,semplo,1.5,2.70000000000005,0,11025,Reviewed,,,nfc_taxo141,0.999886274337769,
1019230,RIDGE_2015-06-10_20.59.00_Z_4.wav,RIDGE_20150610_205900.wav,2554.5,4.2,RIDGE,Fall 2024,2015-06-10T21:41:34.501Z,,1830517,Semipalmated Plover,semplo,1.5,2.70000000000027,0,11025,Problem,,,nfc_taxo141,0.991955459117889,
1015719,FLORENCE_2015-06-08_20.57.00_Z_13.wav,florence_20150608_205700.wav,3019.1000000000004,4.4,FLORENCE,Fall 2024,2015-06-08T21:47:19.101Z,,1825799,Semipalmated Plover,semplo,1.5,2.89999999999964,0,11025,Reviewed,,,nfc_taxo141,0.999656319618225,
1019183,RIDGE_2015-06-07_20.57.00_Z_6.wav,RIDGE_20150607_205700.wav,3335.7000000000003,4.4,RIDGE,Fall 2024,2015-06-07T21:52:35.701Z,,1830470,Semipalmated Plover,semplo,1.5,2.90000000000009,0,11025,Reviewed,,,nfc_taxo141,0.989623248577118,
1019182,RIDGE_2015-06-07_20.57.00_Z_5.wav,RIDGE_20150607_205700.wav,3286.3,4.4,RIDGE,Fall 2024,2015-06-07T21:51:46.301Z,,1830469,Semipalmated Plover,semplo,1.5,2.90000000000009,0,11025,Reviewed,,,nfc_taxo141,0.999947905540466,
1015672,FLORENCE_2015-06-04_20.54.00_Z_38.wav,florence_20150604_205400.wav,27839.100000000002,4.2,FLORENCE,Fall 2024,2015-06-05T04:37:59.101Z,,1825752,Semipalmated Plover,semplo,1.5,2.70000000000073,0,11025,Reviewed,,,nfc_taxo141,0.996194958686829,
1015671,FLORENCE_2015-06-04_20.54.00_Z_37.wav,florence_20150604_205400.wav,27788.9,4.6,FLORENCE,Fall 2024,2015-06-05T04:37:08.901Z,,1825751,Semipalmated Plover,semplo,1.5,3.09999999999854,0,11025,Reviewed,,,nfc_taxo141,0.999988317489624,
1015652,FLORENCE_2015-06-04_20.54.00_Z_18.wav,florence_20150604_205400.wav,26708.100000000002,4.4,FLORENCE,Fall 2024,2015-06-05T04:19:08.101Z,,1825730,Semipalmated Plover,semplo,1.5,2.89999999999782,0,11025,Reviewed,,,nfc_taxo141,0.960897445678711,
1015646,FLORENCE_2015-06-04_20.54.00_Z_12.wav,florence_20150604_205400.wav,4483.900000000001,4.6,FLORENCE,Fall 2024,2015-06-04T22:08:43.901Z,,1825723,Spotted Sandpiper,sposan,1.5,2.89999999999964,0,11025,Unreviewed,,,nfc_taxo141,0.989378750324249,
1015646,FLORENCE_2015-06-04_20.54.00_Z_12.wav,florence_20150604_205400.wav,4483.900000000001,4.6,FLORENCE,Fall 2024,2015-06-04T22:08:43.901Z,,1825724,Semipalmated Plover,semplo,1.69999999999982,3.09999999999945,0,11025,Problem,,,nfc_taxo141,0.999205410480499,
1015560,FLORENCE_2015-06-01_20.52.00_Z_48.wav,florence_20150601_205200.wav,25311.9,5,FLORENCE,Fall 2024,2015-06-02T03:53:51.901Z,,1825634,Semipalmated Plover,semplo,1.5,2.70000000000073,0,11025,Problem,,,nfc_taxo141,0.99982738494873,
1015560,FLORENCE_2015-06-01_20.52.00_Z_48.wav,florence_20150601_205200.wav,25311.9,5,FLORENCE,Fall 2024,2015-06-02T03:53:51.902Z,,1825635,Spotted Sandpiper,sposan,2.09999999999854,3.5,0,11025,Unreviewed,,,nfc_taxo141,0.990327060222626,
1015559,FLORENCE_2015-06-01_20.52.00_Z_47.wav,florence_20150601_205200.wav,25302.5,4.6,FLORENCE,Fall 2024,2015-06-02T03:53:42.501Z,,1825633,Semipalmated Plover,semplo,1.5,3.10000000000218,0,11025,Reviewed,,,nfc_taxo141,0.999738991260529,
1015550,FLORENCE_2015-06-01_20.52.00_Z_38.wav,florence_20150601_205200.wav,24945.9,7.2,FLORENCE,Fall 2024,2015-06-02T03:47:45.901Z,,1825622,Spotted Sandpiper,sposan,1.5,3.09999999999854,0,11025,Unreviewed,,,nfc_taxo141,0.989214718341827,
1015550,FLORENCE_2015-06-01_20.52.00_Z_38.wav,florence_20150601_205200.wav,24945.9,7.2,FLORENCE,Fall 2024,2015-06-02T03:47:45.903Z,,1825623,Semipalmated Plover,semplo,3.90000000000146,5.70000000000073,0,11025,Reviewed,,,nfc_taxo141,0.999993085861206,
1015531,FLORENCE_2015-06-01_20.52.00_Z_19.wav,florence_20150601_205200.wav,24645.300000000003,4.8,FLORENCE,Fall 2024,2015-06-02T03:42:45.301Z,,1825596,Semipalmated Plover,semplo,1.5,3.29999999999927,0,11025,Problem,,,nfc_taxo141,0.986902117729187,
1015531,FLORENCE_2015-06-01_20.52.00_Z_19.wav,florence_20150601_205200.wav,24645.300000000003,4.8,FLORENCE,Fall 2024,2015-06-02T03:42:45.301Z,,1825597,Spotted Sandpiper,sposan,1.69999999999709,3.09999999999854,0,11025,Unreviewed,,,nfc_taxo141,0.990668952465057,
1000522,FLOODPLAIN_2015-05-29_20.49.00_Z_284.wav,FLOODPLAIN_20150529_204900.wav,23998.5,4.4,FLOODPLAIN,Fall 2024,2015-05-30T09:28:58.501Z,,1804356,Semipalmated Plover,semplo,1.5,2.90000000000146,0,11025,Problem,,,nfc_taxo141,0.995437562465668,
1015309,FLORENCE_2015-05-29_20.49.00_Z_17.wav,florence_20150529_204900.wav,2257.1,4.6,FLORENCE,Fall 2024,2015-05-29T21:26:37.101Z,,1825365,Semipalmated Plover,semplo,1.5,3.10000000000036,0,11025,Reviewed,,,nfc_taxo141,0.997399926185608,
1015263,FLORENCE_2015-05-28_20.48.00_Z_54.wav,florence_20150528_204800.wav,28042.100000000002,4.2,FLORENCE,Fall 2024,2015-05-29T04:35:22.101Z,,1825316,Semipalmated Plover,semplo,1.5,2.70000000000073,0,11025,Problem,,,nfc_taxo141,0.993565499782562,
1015261,FLORENCE_2015-05-28_20.48.00_Z_52.wav,florence_20150528_204800.wav,27958.300000000003,4.2,FLORENCE,Fall 2024,2015-05-29T04:33:58.301Z,,1825313,Semipalmated Plover,semplo,1.5,2.69999999999709,0,11025,Problem,,,nfc_taxo141,0.986452639102936,
1015260,FLORENCE_2015-05-28_20.48.00_Z_51.wav,florence_20150528_204800.wav,27903.5,4.6,FLORENCE,Fall 2024,2015-05-29T04:33:03.501Z,,1825312,Semipalmated Plover,semplo,1.5,3.10000000000218,0,11025,Problem,,,nfc_taxo141,0.999862909317017,
1015257,FLORENCE_2015-05-28_20.48.00_Z_48.wav,florence_20150528_204800.wav,27580.5,4.8,FLORENCE,Fall 2024,2015-05-29T04:27:40.501Z,,1825309,Semipalmated Plover,semplo,1.5,3.30000000000291,0,11025,Problem,,,nfc_taxo141,0.999994993209839,
1015254,FLORENCE_2015-05-28_20.48.00_Z_45.wav,florence_20150528_204800.wav,27317.7,4.2,FLORENCE,Fall 2024,2015-05-29T04:23:17.701Z,,1825306,Semipalmated Plover,semplo,1.5,2.70000000000073,0,11025,Reviewed,,,nfc_taxo141,0.998289406299591,
1015248,FLORENCE_2015-05-28_20.48.00_Z_39.wav,florence_20150528_204800.wav,26639.7,4.6,FLORENCE,Fall 2024,2015-05-29T04:11:59.701Z,,1825300,Semipalmated Plover,semplo,1.5,3.10000000000218,0,11025,Reviewed,,,nfc_taxo141,0.99990451335907,
1015244,FLORENCE_2015-05-28_20.48.00_Z_35.wav,florence_20150528_204800.wav,26496.300000000003,4.4,FLORENCE,Fall 2024,2015-05-29T04:09:36.301Z,,1825296,Semipalmated Plover,semplo,1.5,2.89999999999782,0,11025,Problem,,,nfc_taxo141,0.99998927116394,
1015220,FLORENCE_2015-05-28_20.48.00_Z_11.wav,florence_20150528_204800.wav,2656.7000000000003,4.8,FLORENCE,Fall 2024,2015-05-28T21:32:16.701Z,,1825272,Semipalmated Plover,semplo,1.5,3.29999999999973,0,11025,Problem,,,nfc_taxo141,0.999995708465576,
1015217,FLORENCE_2015-05-28_20.48.00_Z_8.wav,florence_20150528_204800.wav,2438.3,4.2,FLORENCE,Fall 2024,2015-05-28T21:28:38.301Z,,1825269,Semipalmated Plover,semplo,1.5,2.69999999999982,0,11025,Problem,,,nfc_taxo141,0.993157684803009,
1015216,FLORENCE_2015-05-28_20.48.00_Z_7.wav,florence_20150528_204800.wav,2386.5,4.4,FLORENCE,Fall 2024,2015-05-28T21:27:46.501Z,,1825268,Semipalmated Plover,semplo,1.5,2.90000000000009,0,11025,Reviewed,,,nfc_taxo141,0.999980568885803,
1018809,RIDGE_2015-05-16_20.35.00_Z_2.wav,RIDGE_20150516_203500.wav,960.7,4.6,RIDGE,Fall 2024,2015-05-16T20:51:00.701Z,,1830090,Semipalmated Plover,semplo,1.5,3.10000000000002,0,11025,Reviewed,,,nfc_taxo141,0.999993324279785,
1018730,RIDGE_2015-05-07_20.23.00_Z_2.wav,RIDGE_20150507_202300.wav,1475.3000000000002,4.4,RIDGE,Fall 2024,2015-05-07T20:47:35.301Z,,1830007,Semipalmated Plover,semplo,1.5,2.89999999999986,0,11025,Reviewed,,,nfc_taxo141,0.999960899353027,
1018677,RIDGE_2015-05-06_20.22.00_Z_4.wav,RIDGE_20150506_202200.wav,33714.1,4.4,RIDGE,Fall 2024,2015-05-07T05:43:54.101Z,,1829954,Semipalmated Plover,semplo,1.5,2.90000000000146,0,11025,Reviewed,,,nfc_taxo141,0.999985337257385,
1024656,SHEEPCAMP_2015-04-13_19.51.00_Z_7.wav,SHEEPCAMP_20150413_195100.wav,40851.5,4.4,SHEEPCAMP,Fall 2024,2015-04-14T13:11:51.501Z,,1841168,Semipalmated Plover,semplo,1.5,2.90000000000146,0,11025,Problem,,,nfc_taxo141,0.999993443489075,
1014842,FLOODPLAIN_2015-04-11_19.48.00_Z_4.wav,FLOODPLAIN_20150411_194800.wav,39510.9,4.6,FLOODPLAIN,Fall 2024,2015-04-12T12:46:30.901Z,,1824822,Semipalmated Plover,semplo,1.5,3.09999999999854,0,11025,Problem,,,nfc_taxo141,0.999918937683105,
1024641,SHEEPCAMP_2015-04-10_19.47.00_Z_8.wav,SHEEPCAMP_20150410_194700.wav,39022.9,4.4,SHEEPCAMP,Fall 2024,2015-04-11T12:37:22.901Z,,1841153,Semipalmated Plover,semplo,1.5,2.90000000000146,0,11025,Problem,,,nfc_taxo141,0.989029824733734,
1024564,SHEEPCAMP_2015-04-04_19.39.00_Z_2.wav,SHEEPCAMP_20150404_193900.wav,41266.700000000004,4.4,SHEEPCAMP,Fall 2024,2015-04-05T13:06:46.701Z,,1841075,Semipalmated Plover,semplo,1.5,2.90000000000146,0,11025,Problem,,,nfc_taxo141,0.998546540737152,
1070605,RIDGE_2014-08-05_05.06.10_Z_5.wav,RIDGE_0_20140805_050610_000.wav,2783.1000000000004,4.4,RIDGE,Fall 2024,2014-08-05T05:52:33.101Z,,1927488,Semipalmated Plover,semplo,1.5,2.89999999999964,0,11025,Problem,,,nfc_taxo141,0.999553859233856,
991734,FLOODPLAIN_2014-06-07_20.57.00_Z_28.wav,FLOODPLAIN_20140607_205700.wav,955.7,4.4,FLOODPLAIN,Fall 2024,2014-06-08T03:12:55.701Z,,1793655,Semipalmated Plover,semplo,1.5,2.89999999999998,0,11025,Reviewed,,,nfc_taxo141,0.999979853630066,
991625,FLOODPLAIN_2014-06-06_20.56.00_Z_184.wav,FLOODPLAIN_20140606_205600.wav,25436.7,7.8,FLOODPLAIN,Fall 2024,2014-06-07T09:59:56.701Z,,1793518,Spotted Sandpiper,sposan,1.5,3.29999999999927,0,11025,Unreviewed,,,nfc_taxo141,0.989819228649139,
991625,FLOODPLAIN_2014-06-06_20.56.00_Z_184.wav,FLOODPLAIN_20140606_205600.wav,25436.7,7.8,FLOODPLAIN,Fall 2024,2014-06-07T09:59:56.704Z,,1793519,Semipalmated Plover,semplo,4.90000000000146,6.29999999999927,0,11025,Reviewed,,,nfc_taxo141,0.999993324279785,
991366,FLOODPLAIN_2014-06-05_20.56.00_Z_230.wav,FLOODPLAIN_20140605_205600.wav,31498.300000000003,20.6,FLOODPLAIN,Fall 2024,2014-06-06T11:40:58.301Z,,1793134,Spotted Sandpiper,sposan,1.5,3.89999999999782,0,11025,Unreviewed,,,nfc_taxo141,0.988530814647675,
991366,FLOODPLAIN_2014-06-05_20.56.00_Z_230.wav,FLOODPLAIN_20140605_205600.wav,31498.300000000003,20.6,FLOODPLAIN,Fall 2024,2014-06-06T11:40:58.304Z,,1793135,Spotted Sandpiper,sposan,4.09999999999854,9.09999999999854,0,11025,Unreviewed,,,nfc_taxo141,0.991337299346924,
991366,FLOODPLAIN_2014-06-05_20.56.00_Z_230.wav,FLOODPLAIN_20140605_205600.wav,31498.300000000003,20.6,FLOODPLAIN,Fall 2024,2014-06-06T11:40:58.309Z,,1793136,Spotted Sandpiper,sposan,9.09999999999854,14.0999999999985,0,11025,Unreviewed,,,nfc_taxo141,0.991337299346924,
991366,FLOODPLAIN_2014-06-05_20.56.00_Z_230.wav,FLOODPLAIN_20140605_205600.wav,31498.300000000003,20.6,FLOODPLAIN,Fall 2024,2014-06-06T11:40:58.314Z,,1793137,Spotted Sandpiper,sposan,14.0999999999985,19.0999999999985,0,11025,Unreviewed,,,nfc_taxo141,0.991337299346924,
991366,FLOODPLAIN_2014-06-05_20.56.00_Z_230.wav,FLOODPLAIN_20140605_205600.wav,31498.300000000003,20.6,FLOODPLAIN,Fall 2024,2014-06-06T11:40:58.316Z,,1793138,Semipalmated Plover,semplo,16.5,17.8999999999978,0,11025,Problem,,,nfc_taxo141,0.999989151954651,
984260,FLOODPLAIN_2014-05-07_20.24.00_Z_18.wav,FLOODPLAIN_20140507_202400.wav,34188.9,4.4,FLOODPLAIN,Fall 2024,2014-05-08T11:53:48.901Z,,1783296,Semipalmated Plover,semplo,1.5,2.90000000000146,0,11025,Problem,,,nfc_taxo141,0.999943971633911,
992804,FLOODPLAIN_2014-04-28_20.12.00_Z_14.wav,FLOODPLAIN_20140428_201200.wav,35739.1,4.4,FLOODPLAIN,Fall 2024,2014-04-29T12:07:39.101Z,,1795161,Semipalmated Plover,semplo,1.5,2.90000000000146,0,11025,Problem,,,nfc_taxo141,0.999972581863403,
992803,FLOODPLAIN_2014-04-28_20.12.00_Z_13.wav,FLOODPLAIN_20140428_201200.wav,35476.5,4.4,FLOODPLAIN,Fall 2024,2014-04-29T12:03:16.501Z,,1795160,Semipalmated Plover,semplo,1.5,2.90000000000146,0,11025,Reviewed,,,nfc_taxo141,0.999654650688171,
984635,FLOODPLAIN_2014-04-24_20.06.00_Z_38.wav,FLOODPLAIN_20140424_200600.wav,37579.700000000004,4.4,FLOODPLAIN,Fall 2024,2014-04-25T12:32:19.701Z,,1783774,Semipalmated Plover,semplo,1.5,2.89999999999418,0,11025,Reviewed,,,nfc_taxo141,0.999643206596375,
992711,FLOODPLAIN_2014-04-13_19.52.00_Z_25.wav,FLOODPLAIN_20140413_195200.wav,39371.3,4.2,FLOODPLAIN,Fall 2024,2014-04-14T12:48:11.301Z,,1795051,Semipalmated Plover,semplo,1.5,2.69999999999709,0,11025,Problem,,,nfc_taxo141,0.951653659343719,
629513,FLOODPLAIN_2013-10-25_07.34.19_Z_0.wav,FLOODPLAIN_20131025_073419.wav,1427.7,4.4,FLOODPLAIN,Fall 2024,2013-10-25T13:58:06.701Z,,1191023,Semipalmated Plover,semplo,1.5,2.90000000000009,0,11025,Problem,,,nfc_taxo141,0.991791605949402,
629714,RIDGE_2013-09-22_19.03.00_Z_1.wav,RIDGE_20130922_190300.wav,44982.100000000006,4.4,RIDGE,Fall 2024,2013-09-23T07:32:42.101Z,,1191231,Semipalmated Plover,semplo,1.5,2.89999999999418,0,11025,Problem,,,nfc_taxo141,0.999282538890839,
1071890,RIDGE_2013-05-09_20.26.00_Z_0.wav,RIDGE_20130509_202600.wav,0.9000000000000004,4.6,RIDGE,Fall 2024,2013-05-09T20:26:00.901Z,,1929018,Semipalmated Plover,semplo,1.5,3.1,0,11025,Problem,,,nfc_taxo141,0.999900579452515,
1071875,RIDGE_2013-05-08_20.25.00_Z_2.wav,RIDGE_20130508_202500.wav,1622.7,4.4,RIDGE,Fall 2024,2013-05-08T20:52:02.701Z,,1929003,Semipalmated Plover,semplo,1.5,2.90000000000009,0,11025,Reviewed,,,nfc_taxo141,0.999899625778198,
1071836,RIDGE_2013-05-06_20.23.00_Z_6.wav,RIDGE_20130506_202300.wav,34591.700000000004,4.4,RIDGE,Fall 2024,2013-05-07T05:59:31.701Z,,1928963,Semipalmated Plover,semplo,1.5,2.89999999999418,0,11025,Problem,,,nfc_taxo141,0.991237938404083,
1067554,SHEEPCAMP_2013-05-06_20.23.00_Z_1.wav,SHEEPCAMP_20130506_202300.wav,2428.3,4.4,SHEEPCAMP,Fall 2024,2013-05-07T03:03:28.301Z,,1921451,Semipalmated Plover,semplo,1.5,2.90000000000009,0,11025,Problem,,,nfc_taxo141,0.999813735485077,