recordingId,assetName,originalAssetName,originalAssetStartSec,duration,site,season,timestamp,datasets,annotationId,commonName,taxonCode,startSec,endSec,lowFreq,highFreq,reviewStatus,legacyUuid,creatingUser,detectionModel,confidenceScore,sunsetOffsetMin,civilDawnOffsetMin,civilDuskOffsetMin,nauticalDawnOffsetMin,nauticalDuskOffsetMin,astronomicalDawnOffsetMin,astronomicalDuskOffsetMin,tags
890757,MICKEY_2018-08-31_18.45.00_Z_2.wav,MICKEY_20180831_184500.wav,3837.1000000000004,4.6,MICKEY,Fall 2024,2018-09-01T01:48:57.101Z,,1648503,Upland Sandpiper,uplsan,1.5,3.09999999999991,0,11025,Reviewed,,,nfc_taxo141,0.963553845882416,,,,,,,,
914431,SASQUATC_2018-08-31_06.30.39_Z_10.wav,SASQUATC_20180831_063039.wav,1020.5,22.2,SASQUATC,Fall 2024,2018-08-31T12:47:39.501Z,,1683640,Upland Sandpiper,uplsan,1.5,3.30000000000007,0,11025,Reviewed,,,nfc_taxo141,0.964895248413086,,,,,,,,
914431,SASQUATC_2018-08-31_06.30.39_Z_10.wav,SASQUATC_20180831_063039.wav,1020.5,22.2,SASQUATC,Fall 2024,2018-08-31T12:47:39.503Z,,1683641,Upland Sandpiper,uplsan,3.90000000000009,5.70000000000005,0,11025,Reviewed,,,nfc_taxo141,0.96264523267746,,,,,,,,
914431,SASQUATC_2018-08-31_06.30.39_Z_10.wav,SASQUATC_20180831_063039.wav,1020.5,22.2,SASQUATC,Fall 2024,2018-08-31T12:47:39.507Z,,1683642,Upland Sandpiper,uplsan,7.5,9.10000000000014,0,11025,Unreviewed,,,nfc_taxo141,0.934349536895752,,,,,,,,
914431,SASQUATC_2018-08-31_06.30.39_Z_10.wav,SASQUATC_20180831_063039.wav,1020.5,22.2,SASQUATC,Fall 2024,2018-08-31T12:47:39.511Z,,1683643,Upland Sandpiper,uplsan,11.3,13.1000000000001,0,11025,Reviewed,,,nfc_taxo141,0.956462681293488,,,,,,,,
914431,SASQUATC_2018-08-31_06.30.39_Z_10.wav,SASQUATC_20180831_063039.wav,1020.5,22.2,SASQUATC,Fall 2024,2018-08-31T12:47:39.514Z,,1683644,Upland Sandpiper,uplsan,14.7,16.5,0,11025,Reviewed,,,nfc_taxo141,0.964833080768585,,,,,,,,
914431,SASQUATC_2018-08-31_06.30.39_Z_10.wav,SASQUATC_20180831_063039.wav,1020.5,22.2,SASQUATC,Fall 2024,2018-08-31T12:47:39.519Z,,1683645,Upland Sandpiper,uplsan,19.1000000000001,20.7,0,11025,Reviewed,,,nfc_taxo141,0.953612625598907,,,,,,,,
874847,SHEEP_2018-08-22_20.04.00_Z_8.wav,SHEEP-21C_20180822_200400.wav,4531.3,4.8,SHEEP,Fall 2024,2018-08-22T21:19:31.301Z,,1627720,Upland Sandpiper,uplsan,1.5,3.30000000000018,0,11025,Reviewed,,,nfc_taxo141,0.965107679367065,43,-534,11,-495,-29,-452,-72,
911007,PANDA_2018-08-21_19.45.00_Z_55.wav,PANDA_20180821_194500.wav,4695.5,5,PANDA,Fall 2024,2018-08-22T03:03:15.501Z,,1677522,Upland Sandpiper,uplsan,1.5,3.5,0,11025,Reviewed,,,nfc_taxo141,0.96496170759201,,,,,,,,
906723,SADIE_2018-08-20_19.45.00_Z_1.wav,SADIE_20180820_194500.wav,5263.900000000001,4.8,SADIE,Fall 2024,2018-08-21T03:12:43.901Z,,1672058,Upland Sandpiper,uplsan,1.5,3.30000000000018,0,11025,Reviewed,,,nfc_taxo141,0.955260992050171,,,,,,,,
879855,WEME_2018-08-20_06.30.39_Z_0.wav,WEME_20180820_063039.wav,1505.3000000000002,4.6,WEME,Fall 2024,2018-08-20T12:55:44.301Z,,1633975,Upland Sandpiper,uplsan,1.5,3.09999999999991,0,11025,Reviewed,,,nfc_taxo141,0.963670134544373,,,,,,,,
906682,SADIE_2018-08-18_19.45.00_Z_12.wav,SADIE_20180818_194500.wav,3967.7000000000003,73,SADIE,Fall 2024,2018-08-19T02:51:07.701Z,,1671989,Upland Sandpiper,uplsan,1.5,3.29999999999973,0,11025,Reviewed,,,nfc_taxo141,0.965021550655365,,,,,,,,
906682,SADIE_2018-08-18_19.45.00_Z_12.wav,SADIE_20180818_194500.wav,3967.7000000000003,73,SADIE,Fall 2024,2018-08-19T02:51:07.706Z,,1671990,Upland Sandpiper,uplsan,6.29999999999973,8.09999999999991,0,11025,Reviewed,,,nfc_taxo141,0.964800536632538,,,,,,,,
906682,SADIE_2018-08-18_19.45.00_Z_12.wav,SADIE_20180818_194500.wav,3967.7000000000003,73,SADIE,Fall 2024,2018-08-19T02:51:07.709Z,,1671991,Upland Sandpiper,uplsan,9.90000000000009,11.9000000000001,0,11025,Reviewed,,,nfc_taxo141,0.965021073818207,,,,,,,,
906682,SADIE_2018-08-18_19.45.00_Z_12.wav,SADIE_20180818_194500.wav,3967.7000000000003,73,SADIE,Fall 2024,2018-08-19T02:51:07.714Z,,1671992,Upland Sandpiper,uplsan,14.9000000000001,16.6999999999998,0,11025,Reviewed,,,nfc_taxo141,0.964869558811188,,,,,,,,
906682,SADIE_2018-08-18_19.45.00_Z_12.wav,SADIE_20180818_194500.wav,3967.7000000000003,73,SADIE,Fall 2024,2018-08-19T02:51:07.719Z,,1671993,Upland Sandpiper,uplsan,19.5,21.2999999999997,0,11025,Reviewed,,,nfc_taxo141,0.964755833148956,,,,,,,,
906682,SADIE_2018-08-18_19.45.00_Z_12.wav,SADIE_20180818_194500.wav,3967.7000000000003,73,SADIE,Fall 2024,2018-08-19T02:51:07.724Z,,1671994,Upland Sandpiper,uplsan,24.2999999999997,26.2999999999997,0,11025,Reviewed,,,nfc_taxo141,0.96502685546875,,,,,,,,
906682,SADIE_2018-08-18_19.45.00_Z_12.wav,SADIE_20180818_194500.wav,3967.7000000000003,73,SADIE,Fall 2024,2018-08-19T02:51:07.728Z,,1671995,Upland Sandpiper,uplsan,28.5,30.2999999999997,0,11025,Reviewed,,,nfc_taxo141,0.965061366558075,,,,,,,,
906682,SADIE_2018-08-18_19.45.00_Z_12.wav,SADIE_20180818_194500.wav,3967.7000000000003,73,SADIE,Fall 2024,2018-08-19T02:51:07.731Z,,1671996,Upland Sandpiper,uplsan,31.9000000000001,33.9000000000001,0,11025,Reviewed,,,nfc_taxo141,0.965102255344391,,,,,,,,
906682,SADIE_2018-08-18_19.45.00_Z_12.wav,SADIE_20180818_194500.wav,3967.7000000000003,73,SADIE,Fall 2024,2018-08-19T02:51:07.736Z,,1671997,Upland Sandpiper,uplsan,36.6999999999998,38.6999999999998,0,11025,Reviewed,,,nfc_taxo141,0.964946806430817,,,,,,,,
906682,SADIE_2018-08-18_19.45.00_Z_12.wav,SADIE_20180818_194500.wav,3967.7000000000003,73,SADIE,Fall 2024,2018-08-19T02:51:07.741Z,,1671998,Upland Sandpiper,uplsan,41.2999999999997,43.2999999999997,0,11025,Reviewed,,,nfc_taxo141,0.965062499046326,,,,,,,,
906682,SADIE_2018-08-18_19.45.00_Z_12.wav,SADIE_20180818_194500.wav,3967.7000000000003,73,SADIE,Fall 2024,2018-08-19T02:51:07.746Z,,1671999,Upland Sandpiper,uplsan,46.2999999999997,50.2999999999997,0,11025,Unreviewed,,,nfc_taxo141,0.965051829814911,,,,,,,,
906682,SADIE_2018-08-18_19.45.00_Z_12.wav,SADIE_20180818_194500.wav,3967.7000000000003,73,SADIE,Fall 2024,2018-08-19T02:51:07.750Z,,1672000,Upland Sandpiper,uplsan,50.5,52.5,0,11025,Unreviewed,,,nfc_taxo141,0.965063810348511,,,,,,,,
906682,SADIE_2018-08-18_19.45.00_Z_12.wav,SADIE_20180818_194500.wav,3967.7000000000003,73,SADIE,Fall 2024,2018-08-19T02:51:07.753Z,,1672001,Upland Sandpiper,uplsan,53.6999999999998,55.5,0,11025,Unreviewed,,,nfc_taxo141,0.96511447429657,,,,,,,,
906682,SADIE_2018-08-18_19.45.00_Z_12.wav,SADIE_20180818_194500.wav,3967.7000000000003,73,SADIE,Fall 2024,2018-08-19T02:51:07.757Z,,1672002,Upland Sandpiper,uplsan,57.5,59.2999999999997,0,11025,Reviewed,,,nfc_taxo141,0.964751958847046,,,,,,,,
906682,SADIE_2018-08-18_19.45.00_Z_12.wav,SADIE_20180818_194500.wav,3967.7000000000003,73,SADIE,Fall 2024,2018-08-19T02:51:07.759Z,,1672003,Upland Sandpiper,uplsan,59.9000000000001,61.9000000000001,0,11025,Reviewed,,,nfc_taxo141,0.965004086494446,,,,,,,,
906682,SADIE_2018-08-18_19.45.00_Z_12.wav,SADIE_20180818_194500.wav,3967.7000000000003,73,SADIE,Fall 2024,2018-08-19T02:51:07.762Z,,1672004,Upland Sandpiper,uplsan,62.5,64.5,0,11025,Reviewed,,,nfc_taxo141,0.964850187301636,,,,,,,,
906682,SADIE_2018-08-18_19.45.00_Z_12.wav,SADIE_20180818_194500.wav,3967.7000000000003,73,SADIE,Fall 2024,2018-08-19T02:51:07.765Z,,1672005,Upland Sandpiper,uplsan,65.2999999999997,67.2999999999997,0,11025,Reviewed,,,nfc_taxo141,0.965023517608643,,,,,,,,
906682,SADIE_2018-08-18_19.45.00_Z_12.wav,SADIE_20180818_194500.wav,3967.7000000000003,73,SADIE,Fall 2024,2018-08-19T02:51:07.769Z,,1672006,Upland Sandpiper,uplsan,69.5,71.5,0,11025,Reviewed,,,nfc_taxo141,0.964971125125885,,,,,,,,
932891,YVAS_2018-08-13_01.56.38_Z_23.wav,YVAS_2018-08-13_01.56.38_Z.wav,19118.9,4.8,YVAS,Fall 2024,2018-08-13T07:15:16.901Z,,1709139,Upland Sandpiper,uplsan,1.5,3.29999999999927,0,11025,Reviewed,,,nfc_taxo141,0.964970707893372,646,95,613,135,572,181,526,
932872,YVAS_2018-08-13_01.56.38_Z_4.wav,YVAS_2018-08-13_01.56.38_Z.wav,9133.5,7.4,YVAS,Fall 2024,2018-08-13T04:28:51.501Z,,1709118,Upland Sandpiper,uplsan,1.5,3.30000000000109,0,11025,Reviewed,,,nfc_taxo141,0.965053498744965,479,-72,447,-31,406,14,360,
932872,YVAS_2018-08-13_01.56.38_Z_4.wav,YVAS_2018-08-13_01.56.38_Z.wav,9133.5,7.4,YVAS,Fall 2024,2018-08-13T04:28:51.504Z,,1709119,Upland Sandpiper,uplsan,4.10000000000036,5.89999999999964,0,11025,Reviewed,,,nfc_taxo141,0.964946746826172,479,-72,447,-31,406,14,360,
932864,YVAS_2018-08-12_01.58.12_Z_11.wav,YVAS_2018-08-12_01.58.12_Z.wav,32896.3,4.8,YVAS,Fall 2024,2018-08-12T11:06:28.301Z,,1709109,Upland Sandpiper,uplsan,1.5,3.29999999999563,0,11025,Reviewed,,,nfc_taxo141,0.964913427829742,875,327,843,368,801,414,755,
932728,YVAS_2018-08-06_02.07.08_Z_14.wav,YVAS_2018-08-06_02.07.08_Z.wav,15387.1,5,YVAS,Fall 2024,2018-08-06T06:23:35.101Z,,1708928,Upland Sandpiper,uplsan,1.5,3.5,0,11025,Reviewed,,,nfc_taxo141,0.964991211891174,584,52,550,95,508,143,459,
849325,DRMCATCH_2018-08-05_19.45.00_Z_6.wav,DRMCATCH_20180805_194500.wav,6706.3,4.8,DRMCATCH,Fall 2024,2018-08-06T03:36:46.301Z,,1594125,Upland Sandpiper,uplsan,1.5,3.30000000000018,0,11025,Reviewed,,,nfc_taxo141,0.965058386325836,,,,,,,,
932704,YVAS_2018-08-05_02.08.32_Z_28.wav,YVAS_2018-08-05_02.08.32_Z.wav,19632.9,8,YVAS,Fall 2024,2018-08-05T07:35:44.901Z,,1708903,Upland Sandpiper,uplsan,1.5,3.29999999999927,0,11025,Unreviewed,,,nfc_taxo141,0.964804768562317,655,126,621,168,578,217,528,
932704,YVAS_2018-08-05_02.08.32_Z_28.wav,YVAS_2018-08-05_02.08.32_Z.wav,19632.9,8,YVAS,Fall 2024,2018-08-05T07:35:44.904Z,,1708904,Upland Sandpiper,uplsan,4.70000000000073,6.5,0,11025,Reviewed,,,nfc_taxo141,0.965088248252869,655,126,621,168,578,217,528,
932690,YVAS_2018-08-05_02.08.32_Z_14.wav,YVAS_2018-08-05_02.08.32_Z.wav,11855.1,4.6,YVAS,Fall 2024,2018-08-05T05:26:07.101Z,,1708889,Upland Sandpiper,uplsan,1.5,3.10000000000036,0,11025,Reviewed,,,nfc_taxo141,0.958740592002869,525,-4,491,39,448,88,399,
860917,LILO_2018-07-04_20.30.00_Z_0.wav,LILO_20180704_203000.wav,5326.900000000001,4.8,LILO,Fall 2024,2018-07-04T21:58:46.901Z,,1607914,Upland Sandpiper,uplsan,1.5,3.30000000000018,0,11025,Reviewed,,,nfc_taxo141,0.947643637657166,25,-432,-14,-380,-67,-306,-142,
930761,YVAS_2018-05-09_02.00.25_Z_10.wav,YVAS_2018-05-09_02.00.25_Z.wav,8626.9,5,YVAS,Fall 2024,2018-05-09T04:24:11.901Z,,1706760,Upland Sandpiper,uplsan,1.5,3.5,0,11025,Reviewed,,,nfc_taxo141,0.964556515216827,473,-53,439,-10,396,39,347,
1307375,KBK_2017-10-14_17.50.00_Z_0.wav,KBK_20171014_175000.wav,57.5,4.4,KBK,Fall 2024,2017-10-14T17:50:57.501Z,,2368272,Upland Sandpiper,uplsan,1.5,2.90000000000001,0,11025,Reviewed,,,nfc_taxo141,0.952741384506226,-63,-814,-93,-779,-128,-745,-162,
836840,YVAS_2017-10-04_00.19.36_Z_43.wav,YVAS_2017-10-04_00.19.36_Z.wav,28446.300000000003,4.6,YVAS,Fall 2024,2017-10-04T08:13:42.301Z,,1579316,Upland Sandpiper,uplsan,1.5,3.09999999999854,0,11025,Reviewed,,,nfc_taxo141,0.954279363155365,801,85,772,120,737,155,702,
639995,OXBOW_2017-09-18_00.00.00_Z_39.wav,OXBOW_20170918_000000.wav,3986.5,7.4,OXBOW,Fall 2024,2017-09-18T01:06:26.501Z,,1210885,,passeriformes,1.5,3.30000000000018,0,11025,Unreviewed,,,nfc_taxo139b,0.961784243583679,321,-343,290,-307,254,-270,217,tune-MPG-shorebirds-test
639995,OXBOW_2017-09-18_00.00.00_Z_39.wav,OXBOW_20170918_000000.wav,3986.5,7.4,OXBOW,Fall 2024,2017-09-18T01:06:26.503Z,,1210886,Upland Sandpiper,uplsan,3.70000000000027,5.90000000000009,0,11025,Reviewed,,,nfc_taxo141,0.964560270309448,321,-343,290,-307,254,-270,217,
639995,OXBOW_2017-09-18_00.00.00_Z_39.wav,OXBOW_20170918_000000.wav,3986.5,7.4,OXBOW,Fall 2024,2017-09-18T01:06:26.503Z,,1210887,Upland Sandpiper,uplsan,3.70000000000027,5.30000000000018,0,11025,Reviewed,,,nfc_taxo139b,0.998585343360901,321,-343,290,-307,254,-270,217,tune-MPG-shorebirds-test
810193,WALNUT_2017-08-29_19.50.00_Z_131.wav,WALNUT_20170829_195000.wav,37353.5,8.8,WALNUT,Fall 2024,2017-08-30T06:12:33.501Z,,1533151,New World Sparrows,passerellidae,1.5,2.70000000000437,0,11025,Unreviewed,,,nfc_taxo139b,0.981898784637451,590,-12,558,26,520,67,479,tune-MPG-shorebirds-test
810193,WALNUT_2017-08-29_19.50.00_Z_131.wav,WALNUT_20170829_195000.wav,37353.5,8.8,WALNUT,Fall 2024,2017-08-30T06:12:33.502Z,,1533152,Upland Sandpiper,uplsan,2.30000000000291,4.09999999999854,0,11025,Reviewed,,,nfc_taxo141,0.964821100234985,590,-12,558,26,520,67,479,
810193,WALNUT_2017-08-29_19.50.00_Z_131.wav,WALNUT_20170829_195000.wav,37353.5,8.8,WALNUT,Fall 2024,2017-08-30T06:12:33.502Z,,1533153,Upland Sandpiper,uplsan,2.5,3.90000000000146,0,11025,Reviewed,,,nfc_taxo139b,0.998805165290833,590,-12,558,26,520,67,479,tune-MPG-shorebirds-test
810193,WALNUT_2017-08-29_19.50.00_Z_131.wav,WALNUT_20170829_195000.wav,37353.5,8.8,WALNUT,Fall 2024,2017-08-30T06:12:33.505Z,,1533154,Upland Sandpiper,uplsan,5.30000000000291,7.09999999999854,0,11025,Reviewed,,,nfc_taxo141,0.964989900588989,590,-12,558,26,520,67,479,
810193,WALNUT_2017-08-29_19.50.00_Z_131.wav,WALNUT_20170829_195000.wav,37353.5,8.8,WALNUT,Fall 2024,2017-08-30T06:12:33.505Z,,1533155,Upland Sandpiper,uplsan,5.30000000000291,7.30000000000291,0,11025,Reviewed,,,nfc_taxo139b,0.998868346214294,590,-12,558,26,520,67,479,tune-MPG-shorebirds-test
833973,YVAS_2017-08-15_01.53.02_Z_683.wav,YVAS_2017-08-15_01.53.02_Z.wav,39039.9,5.2,YVAS,Fall 2024,2017-08-15T12:43:41.901Z,,1575083,Upland Sandpiper,uplsan,1.5,3.30000000000291,0,11025,Reviewed,,,nfc_taxo141,0.965078592300415,978,420,945,460,905,505,860,
833973,YVAS_2017-08-15_01.53.02_Z_683.wav,YVAS_2017-08-15_01.53.02_Z.wav,39039.9,5.2,YVAS,Fall 2024,2017-08-15T12:43:41.901Z,,1575084,Upland Sandpiper,uplsan,1.5,3.30000000000291,0,11025,Reviewed,,,nfc_taxo139b,0.998745441436768,978,420,945,460,905,505,860,tune-MPG-shorebirds-test
833973,YVAS_2017-08-15_01.53.02_Z_683.wav,YVAS_2017-08-15_01.53.02_Z.wav,39039.9,5.2,YVAS,Fall 2024,2017-08-15T12:43:41.901Z,,1575085,Sandpipers and Allies,scolopacidae,1.69999999999709,3.09999999999854,0,11025,Unreviewed,,,nfc_taxo139b,0.913624346256256,978,420,945,460,905,505,860,tune-MPG-shorebirds-test
833973,YVAS_2017-08-15_01.53.02_Z_683.wav,YVAS_2017-08-15_01.53.02_Z.wav,39039.9,5.2,YVAS,Fall 2024,2017-08-15T12:43:41.901Z,,1575086,,passeriformes,1.90000000000146,3.69999999999709,0,11025,Unreviewed,,,nfc_taxo139b,0.96530282497406,978,420,945,460,905,505,860,tune-MPG-shorebirds-test
833893,YVAS_2017-08-15_01.53.02_Z_603.wav,YVAS_2017-08-15_01.53.02_Z.wav,34875.3,4.8,YVAS,Fall 2024,2017-08-15T11:34:17.301Z,,1574888,Upland Sandpiper,uplsan,1.5,3.29999999999563,0,11025,Reviewed,,,nfc_taxo141,0.961041986942291,908,350,876,391,836,435,791,
833893,YVAS_2017-08-15_01.53.02_Z_603.wav,YVAS_2017-08-15_01.53.02_Z.wav,34875.3,4.8,YVAS,Fall 2024,2017-08-15T11:34:17.301Z,,1574889,Upland Sandpiper,uplsan,1.5,2.90000000000146,0,11025,Reviewed,,,nfc_taxo139b,0.99674379825592,908,350,876,391,836,435,791,tune-MPG-shorebirds-train
833464,YVAS_2017-08-15_01.53.02_Z_174.wav,YVAS_2017-08-15_01.53.02_Z.wav,19126.9,25.8,YVAS,Fall 2024,2017-08-15T07:11:48.901Z,,1574096,Upland Sandpiper,uplsan,1.5,3.29999999999927,0,11025,Reviewed,,,nfc_taxo141,0.964503169059753,646,88,613,128,573,173,528,
833464,YVAS_2017-08-15_01.53.02_Z_174.wav,YVAS_2017-08-15_01.53.02_Z.wav,19126.9,25.8,YVAS,Fall 2024,2017-08-15T07:11:48.901Z,,1574097,Upland Sandpiper,uplsan,1.5,3.29999999999927,0,11025,Reviewed,,,nfc_taxo139b,0.998790562152863,646,88,613,128,573,173,528,tune-MPG-shorebirds-test
833464,YVAS_2017-08-15_01.53.02_Z_174.wav,YVAS_2017-08-15_01.53.02_Z.wav,19126.9,25.8,YVAS,Fall 2024,2017-08-15T07:11:48.903Z,,1574098,,passeriformes,3.29999999999927,5.29999999999927,0,11025,Unreviewed,,,nfc_taxo139b,0.947310328483582,646,88,613,128,573,173,528,tune-MPG-shorebirds-test
833464,YVAS_2017-08-15_01.53.02_Z_174.wav,YVAS_2017-08-15_01.53.02_Z.wav,19126.9,25.8,YVAS,Fall 2024,2017-08-15T07:11:48.903Z,,1574099,New World Sparrows,passerellidae,3.5,5.09999999999854,0,11025,Unreviewed,,,nfc_taxo139b,0.958186686038971,646,88,613,128,573,173,528,tune-MPG-shorebirds-test
833464,YVAS_2017-08-15_01.53.02_Z_174.wav,YVAS_2017-08-15_01.53.02_Z.wav,19126.9,25.8,YVAS,Fall 2024,2017-08-15T07:11:48.905Z,,1574100,Upland Sandpiper,uplsan,5.09999999999854,6.89999999999782,0,11025,Reviewed,,,nfc_taxo141,0.964781224727631,646,88,613,128,573,173,528,
833464,YVAS_2017-08-15_01.53.02_Z_174.wav,YVAS_2017-08-15_01.53.02_Z.wav,19126.9,25.8,YVAS,Fall 2024,2017-08-15T07:11:48.905Z,,1574101,Upland Sandpiper,uplsan,5.09999999999854,6.89999999999782,0,11025,Reviewed,,,nfc_taxo139b,0.998836576938629,646,88,613,128,573,173,528,tune-MPG-shorebirds-test
833464,YVAS_2017-08-15_01.53.02_Z_174.wav,YVAS_2017-08-15_01.53.02_Z.wav,19126.9,25.8,YVAS,Fall 2024,2017-08-15T07:11:48.908Z,,1574102,Upland Sandpiper,uplsan,8.89999999999782,10.7000000000007,0,11025,Reviewed,,,nfc_taxo141,0.962981641292572,646,88,613,128,573,173,528,
833464,YVAS_2017-08-15_01.53.02_Z_174.wav,YVAS_2017-08-15_01.53.02_Z.wav,19126.9,25.8,YVAS,Fall 2024,2017-08-15T07:11:48.908Z,,1574103,Upland Sandpiper,uplsan,8.89999999999782,10.7000000000007,0,11025,Reviewed,,,nfc_taxo139b,0.998870313167572,646,88,613,128,573,173,528,tune-MPG-shorebirds-test
833464,YVAS_2017-08-15_01.53.02_Z_174.wav,YVAS_2017-08-15_01.53.02_Z.wav,19126.9,25.8,YVAS,Fall 2024,2017-08-15T07:11:48.912Z,,1574104,Upland Sandpiper,uplsan,12.8999999999978,14.8999999999978,0,11025,Reviewed,,,nfc_taxo141,0.965007126331329,646,88,613,128,573,173,528,
833464,YVAS_2017-08-15_01.53.02_Z_174.wav,YVAS_2017-08-15_01.53.02_Z.wav,19126.9,25.8,YVAS,Fall 2024,2017-08-15T07:11:48.912Z,,1574105,Upland Sandpiper,uplsan,12.8999999999978,14.7000000000007,0,11025,Reviewed,,,nfc_taxo139b,0.997488021850586,646,88,613,128,573,173,528,tune-MPG-shorebirds-test
833464,YVAS_2017-08-15_01.53.02_Z_174.wav,YVAS_2017-08-15_01.53.02_Z.wav,19126.9,25.8,YVAS,Fall 2024,2017-08-15T07:11:48.914Z,,1574106,Chipping Sparrow,chispa,14.0999999999985,15.5,0,11025,Unreviewed,,,nfc_taxo139b,0.937730610370636,646,88,613,128,573,173,528,tune-MPG-shorebirds-test
833464,YVAS_2017-08-15_01.53.02_Z_174.wav,YVAS_2017-08-15_01.53.02_Z.wav,19126.9,25.8,YVAS,Fall 2024,2017-08-15T07:11:48.918Z,,1574107,Upland Sandpiper,uplsan,18.5,20.2999999999993,0,11025,Reviewed,,,nfc_taxo141,0.965077042579651,646,88,613,128,573,173,528,
833464,YVAS_2017-08-15_01.53.02_Z_174.wav,YVAS_2017-08-15_01.53.02_Z.wav,19126.9,25.8,YVAS,Fall 2024,2017-08-15T07:11:48.918Z,,1574108,Upland Sandpiper,uplsan,18.5,20.2999999999993,0,11025,Reviewed,,,nfc_taxo139b,0.998677909374237,646,88,613,128,573,173,528,tune-MPG-shorebirds-test
833464,YVAS_2017-08-15_01.53.02_Z_174.wav,YVAS_2017-08-15_01.53.02_Z.wav,19126.9,25.8,YVAS,Fall 2024,2017-08-15T07:11:48.921Z,,1574109,,passeriformes,21.8999999999978,23.7000000000007,0,11025,Unreviewed,,,nfc_taxo139b,0.978079319000244,646,88,613,128,573,173,528,tune-MPG-shorebirds-test
833464,YVAS_2017-08-15_01.53.02_Z_174.wav,YVAS_2017-08-15_01.53.02_Z.wav,19126.9,25.8,YVAS,Fall 2024,2017-08-15T07:11:48.922Z,,1574110,Upland Sandpiper,uplsan,22.5,24.2999999999993,0,11025,Unreviewed,,,nfc_taxo141,0.964461445808411,646,88,613,128,573,173,528,
833464,YVAS_2017-08-15_01.53.02_Z_174.wav,YVAS_2017-08-15_01.53.02_Z.wav,19126.9,25.8,YVAS,Fall 2024,2017-08-15T07:11:48.922Z,,1574111,Sandpipers and Allies,scolopacidae,22.5,24.0999999999985,0,11025,Unreviewed,,,nfc_taxo139b,0.932052671909332,646,88,613,128,573,173,528,tune-MPG-shorebirds-test
833460,YVAS_2017-08-15_01.53.02_Z_170.wav,YVAS_2017-08-15_01.53.02_Z.wav,19075.3,7.4,YVAS,Fall 2024,2017-08-15T07:10:57.301Z,,1574073,Upland Sandpiper,uplsan,1.5,3.30000000000291,0,11025,Reviewed,,,nfc_taxo141,0.964730858802795,645,87,613,127,572,172,527,
833460,YVAS_2017-08-15_01.53.02_Z_170.wav,YVAS_2017-08-15_01.53.02_Z.wav,19075.3,7.4,YVAS,Fall 2024,2017-08-15T07:10:57.301Z,,1574074,Upland Sandpiper,uplsan,1.90000000000146,3.30000000000291,0,11025,Reviewed,,,nfc_taxo139b,0.998405992984772,645,87,613,127,572,172,527,tune-MPG-shorebirds-train
833460,YVAS_2017-08-15_01.53.02_Z_170.wav,YVAS_2017-08-15_01.53.02_Z.wav,19075.3,7.4,YVAS,Fall 2024,2017-08-15T07:10:57.304Z,,1574075,Upland Sandpiper,uplsan,4.10000000000218,5.90000000000146,0,11025,Reviewed,,,nfc_taxo141,0.957310259342194,645,87,613,127,572,172,527,
833328,YVAS_2017-08-15_01.53.02_Z_38.wav,YVAS_2017-08-15_01.53.02_Z.wav,10492.7,5.2,YVAS,Fall 2024,2017-08-15T04:47:54.701Z,,1573853,Sandpipers and Allies,scolopacidae,1.5,3.70000000000073,0,11025,Unreviewed,,,nfc_taxo139b,0.967733383178711,502,-56,469,-16,429,29,384,tune-MPG-shorebirds-train
833328,YVAS_2017-08-15_01.53.02_Z_38.wav,YVAS_2017-08-15_01.53.02_Z.wav,10492.7,5.2,YVAS,Fall 2024,2017-08-15T04:47:54.702Z,,1573854,Upland Sandpiper,uplsan,2.10000000000036,3.70000000000073,0,11025,Reviewed,,,nfc_taxo141,0.964302241802216,502,-56,469,-16,429,29,384,
833001,YVAS_2017-08-14_01.54.39_Z_414.wav,YVAS_2017-08-14_01.54.39_Z.wav,25344.7,5,YVAS,Fall 2024,2017-08-14T08:57:03.701Z,,1573295,Upland Sandpiper,uplsan,1.5,3.5,0,11025,Reviewed,,,nfc_taxo141,0.965061068534851,750,195,717,235,676,280,631,
833001,YVAS_2017-08-14_01.54.39_Z_414.wav,YVAS_2017-08-14_01.54.39_Z.wav,25344.7,5,YVAS,Fall 2024,2017-08-14T08:57:03.701Z,,1573296,Upland Sandpiper,uplsan,1.5,3.5,0,11025,Reviewed,,,nfc_taxo139b,0.998757004737854,750,195,717,235,676,280,631,tune-MPG-shorebirds-train
832995,YVAS_2017-08-14_01.54.39_Z_408.wav,YVAS_2017-08-14_01.54.39_Z.wav,25260.100000000002,4.8,YVAS,Fall 2024,2017-08-14T08:55:39.101Z,,1573283,Upland Sandpiper,uplsan,1.5,3.29999999999927,0,11025,Reviewed,,,nfc_taxo141,0.96506130695343,748,193,715,234,675,278,630,
832995,YVAS_2017-08-14_01.54.39_Z_408.wav,YVAS_2017-08-14_01.54.39_Z.wav,25260.100000000002,4.8,YVAS,Fall 2024,2017-08-14T08:55:39.101Z,,1573284,Upland Sandpiper,uplsan,1.5,3.29999999999927,0,11025,Reviewed,,,nfc_taxo139b,0.998917937278748,748,193,715,234,675,278,630,tune-MPG-shorebirds-train
832913,YVAS_2017-08-14_01.54.39_Z_326.wav,YVAS_2017-08-14_01.54.39_Z.wav,23256.7,5,YVAS,Fall 2024,2017-08-14T08:22:15.701Z,,1573080,Upland Sandpiper,uplsan,1.5,3.5,0,11025,Reviewed,,,nfc_taxo141,0.965033113956451,715,160,682,200,642,245,596,
832913,YVAS_2017-08-14_01.54.39_Z_326.wav,YVAS_2017-08-14_01.54.39_Z.wav,23256.7,5,YVAS,Fall 2024,2017-08-14T08:22:15.701Z,,1573081,Upland Sandpiper,uplsan,1.5,3.29999999999927,0,11025,Reviewed,,,nfc_taxo139b,0.998173832893372,715,160,682,200,642,245,596,tune-MPG-shorebirds-train
832261,YVAS_2017-08-12_01.57.49_Z_314.wav,YVAS_2017-08-12_01.57.49_Z.wav,36270.700000000004,4.8,YVAS,Fall 2024,2017-08-12T12:02:19.701Z,,1571952,Upland Sandpiper,uplsan,1.5,3.29999999999563,0,11025,Reviewed,,,nfc_taxo141,0.96508115530014,932,383,899,423,858,469,812,
832261,YVAS_2017-08-12_01.57.49_Z_314.wav,YVAS_2017-08-12_01.57.49_Z.wav,36270.700000000004,4.8,YVAS,Fall 2024,2017-08-12T12:02:19.701Z,,1571953,Upland Sandpiper,uplsan,1.5,3.29999999999563,0,11025,Reviewed,,,nfc_taxo139b,0.998888432979584,932,383,899,423,858,469,812,tune-MPG-shorebirds-train
832096,YVAS_2017-08-12_01.57.49_Z_149.wav,YVAS_2017-08-12_01.57.49_Z.wav,24422.5,5,YVAS,Fall 2024,2017-08-12T08:44:51.501Z,,1571706,Upland Sandpiper,uplsan,1.5,3.5,0,11025,Reviewed,,,nfc_taxo141,0.965093493461609,734,185,701,226,660,272,614,
832096,YVAS_2017-08-12_01.57.49_Z_149.wav,YVAS_2017-08-12_01.57.49_Z.wav,24422.5,5,YVAS,Fall 2024,2017-08-12T08:44:51.501Z,,1571707,Upland Sandpiper,uplsan,1.5,3.30000000000291,0,11025,Reviewed,,,nfc_taxo139b,0.998643577098846,734,185,701,226,660,272,614,tune-MPG-shorebirds-test
682990,REED_2017-08-11_19.45.00_Z_10.wav,REED_20170811_194500.wav,6089.900000000001,5,REED,Fall 2024,2017-08-11T21:26:29.901Z,,1289506,Upland Sandpiper,uplsan,1.5,3.5,0,11025,Reviewed,,,nfc_taxo141,0.964570164680481,33,-512,-1,-471,-42,-424,-90,
682990,REED_2017-08-11_19.45.00_Z_10.wav,REED_20170811_194500.wav,6089.900000000001,5,REED,Fall 2024,2017-08-11T21:26:29.901Z,,1289507,Upland Sandpiper,uplsan,1.5,3.5,0,11025,Reviewed,,,nfc_taxo139b,0.99880588054657,33,-512,-1,-471,-42,-424,-90,tune-MPG-shorebirds-test
831474,YVAS_2017-08-09_02.02.24_Z_324.wav,YVAS_2017-08-09_02.02.24_Z.wav,29462.100000000002,4.4,YVAS,Fall 2024,2017-08-09T10:13:26.101Z,,1570648,Upland Sandpiper,uplsan,1.5,2.89999999999782,0,11025,Reviewed,,,nfc_taxo141,0.941543221473694,818,278,785,319,743,366,696,
831204,YVAS_2017-08-09_02.02.24_Z_54.wav,YVAS_2017-08-09_02.02.24_Z.wav,11636.5,5,YVAS,Fall 2024,2017-08-09T05:16:20.501Z,,1570233,Upland Sandpiper,uplsan,1.5,3.5,0,11025,Reviewed,,,nfc_taxo141,0.964673519134521,521,-19,488,22,446,69,399,
830632,YVAS_2017-08-06_02.06.47_Z_177.wav,YVAS_2017-08-06_02.06.47_Z.wav,27129.5,4.8,YVAS,Fall 2024,2017-08-06T09:38:56.501Z,,1569361,Upland Sandpiper,uplsan,1.5,3.30000000000291,0,11025,Reviewed,,,nfc_taxo141,0.965092241764069,780,247,746,290,703,338,655,
830632,YVAS_2017-08-06_02.06.47_Z_177.wav,YVAS_2017-08-06_02.06.47_Z.wav,27129.5,4.8,YVAS,Fall 2024,2017-08-06T09:38:56.501Z,,1569362,Upland Sandpiper,uplsan,1.5,3.30000000000291,0,11025,Reviewed,,,nfc_taxo139b,0.998824179172516,780,247,746,290,703,338,655,tune-MPG-shorebirds-train
830488,YVAS_2017-08-06_02.06.47_Z_33.wav,YVAS_2017-08-06_02.06.47_Z.wav,10007.5,8.6,YVAS,Fall 2024,2017-08-06T04:53:34.501Z,,1569150,Upland Sandpiper,uplsan,1.5,3.5,0,11025,Reviewed,,,nfc_taxo141,0.965086042881012,494,-38,460,4,418,53,369,
830488,YVAS_2017-08-06_02.06.47_Z_33.wav,YVAS_2017-08-06_02.06.47_Z.wav,10007.5,8.6,YVAS,Fall 2024,2017-08-06T04:53:34.501Z,,1569151,Upland Sandpiper,uplsan,1.5,3.30000000000109,0,11025,Reviewed,,,nfc_taxo139b,0.998481333255768,494,-38,460,4,418,53,369,tune-MPG-shorebirds-train
830488,YVAS_2017-08-06_02.06.47_Z_33.wav,YVAS_2017-08-06_02.06.47_Z.wav,10007.5,8.6,YVAS,Fall 2024,2017-08-06T04:53:34.505Z,,1569152,Upland Sandpiper,uplsan,5.30000000000109,7.10000000000036,0,11025,Unreviewed,,,nfc_taxo141,0.964483320713043,494,-38,460,4,418,53,369,
830343,YVAS_2017-08-05_02.08.12_Z_215.wav,YVAS_2017-08-05_02.08.12_Z.wav,31350.100000000002,8,YVAS,Fall 2024,2017-08-05T10:50:42.101Z,,1568813,Upland Sandpiper,uplsan,1.5,3.09999999999854,0,11025,Reviewed,,,nfc_taxo141,0.96431303024292,850,320,816,363,773,412,724,
830343,YVAS_2017-08-05_02.08.12_Z_215.wav,YVAS_2017-08-05_02.08.12_Z.wav,31350.100000000002,8,YVAS,Fall 2024,2017-08-05T10:50:42.101Z,,1568814,Upland Sandpiper,uplsan,1.5,3.29999999999927,0,11025,Reviewed,,,nfc_taxo139b,0.997916996479034,850,320,816,363,773,412,724,tune-MPG-shorebirds-train
830343,YVAS_2017-08-05_02.08.12_Z_215.wav,YVAS_2017-08-05_02.08.12_Z.wav,31350.100000000002,8,YVAS,Fall 2024,2017-08-05T10:50:42.104Z,,1568815,Upland Sandpiper,uplsan,4.70000000000073,6.5,0,11025,Reviewed,,,nfc_taxo141,0.96492075920105,850,320,816,363,773,412,724,
830299,YVAS_2017-08-05_02.08.12_Z_171.wav,YVAS_2017-08-05_02.08.12_Z.wav,27053.9,4.8,YVAS,Fall 2024,2017-08-05T09:39:05.901Z,,1568747,Upland Sandpiper,uplsan,1.5,3.29999999999927,0,11025,Reviewed,,,nfc_taxo141,0.964971005916595,778,249,744,291,702,340,652,
830299,YVAS_2017-08-05_02.08.12_Z_171.wav,YVAS_2017-08-05_02.08.12_Z.wav,27053.9,4.8,YVAS,Fall 2024,2017-08-05T09:39:05.901Z,,1568748,Upland Sandpiper,uplsan,1.5,3.29999999999927,0,11025,Reviewed,,,nfc_taxo139b,0.998606979846954,778,249,744,291,702,340,652,tune-MPG-shorebirds-train
830274,YVAS_2017-08-05_02.08.12_Z_146.wav,YVAS_2017-08-05_02.08.12_Z.wav,25345.100000000002,4.8,YVAS,Fall 2024,2017-08-05T09:10:37.101Z,,1568702,Upland Sandpiper,uplsan,1.5,3.29999999999927,0,11025,Reviewed,,,nfc_taxo141,0.965014636516571,750,220,716,263,673,312,624,
830274,YVAS_2017-08-05_02.08.12_Z_146.wav,YVAS_2017-08-05_02.08.12_Z.wav,25345.100000000002,4.8,YVAS,Fall 2024,2017-08-05T09:10:37.101Z,,1568703,Upland Sandpiper,uplsan,1.5,3.29999999999927,0,11025,Reviewed,,,nfc_taxo139b,0.998971939086914,750,220,716,263,673,312,624,tune-MPG-shorebirds-train
830219,YVAS_2017-08-05_02.08.12_Z_91.wav,YVAS_2017-08-05_02.08.12_Z.wav,21082.7,5,YVAS,Fall 2024,2017-08-05T07:59:34.701Z,,1568625,Upland Sandpiper,uplsan,1.5,3.5,0,11025,Reviewed,,,nfc_taxo141,0.965019762516022,679,149,645,192,602,241,553,
830219,YVAS_2017-08-05_02.08.12_Z_91.wav,YVAS_2017-08-05_02.08.12_Z.wav,21082.7,5,YVAS,Fall 2024,2017-08-05T07:59:34.701Z,,1568626,Upland Sandpiper,uplsan,1.90000000000146,3.5,0,11025,Reviewed,,,nfc_taxo139b,0.99871289730072,679,149,645,192,602,241,553,tune-MPG-shorebirds-train
830155,YVAS_2017-08-05_02.08.12_Z_27.wav,YVAS_2017-08-05_02.08.12_Z.wav,8624.5,4.8,YVAS,Fall 2024,2017-08-05T04:31:56.501Z,,1568533,Upland Sandpiper,uplsan,1.5,3.10000000000036,0,11025,Reviewed,,,nfc_taxo141,0.964582920074463,471,-58,437,-16,395,33,345,
830155,YVAS_2017-08-05_02.08.12_Z_27.wav,YVAS_2017-08-05_02.08.12_Z.wav,8624.5,4.8,YVAS,Fall 2024,2017-08-05T04:31:56.501Z,,1568534,Upland Sandpiper,uplsan,1.5,3.30000000000109,0,11025,Reviewed,,,nfc_taxo139b,0.998596012592316,471,-58,437,-16,395,33,345,tune-MPG-shorebirds-train
800297,WALNUT_2017-08-04_20.33.00_Z_39.wav,WALNUT_20170804_203300.wav,2778.5,4.2,WALNUT,Fall 2024,2017-08-04T21:19:18.501Z,,1517080,Upland Sandpiper,uplsan,1.5,2.70000000000027,0,11025,Reviewed,,,nfc_taxo141,0.950957238674164,15,-510,-20,-467,-63,-416,-114,
829533,YVAS_2017-08-02_02.12.17_Z_52.wav,YVAS_2017-08-02_02.12.17_Z.wav,15627.1,5,YVAS,Fall 2024,2017-08-02T06:32:44.101Z,,1567601,Upland Sandpiper,uplsan,1.5,3.5,0,11025,Reviewed,,,nfc_taxo141,0.965041995048523,588,67,554,110,510,160,459,
829533,YVAS_2017-08-02_02.12.17_Z_52.wav,YVAS_2017-08-02_02.12.17_Z.wav,15627.1,5,YVAS,Fall 2024,2017-08-02T06:32:44.101Z,,1567602,Upland Sandpiper,uplsan,1.70000000000073,3.5,0,11025,Reviewed,,,nfc_taxo139b,0.998777329921722,588,67,554,110,510,160,459,tune-MPG-shorebirds-train
1105190,ANGELA_2017-08-01_20.06.08_Z_44.wav,ANGELA-NFC_20170801_200608.wav,30472.100000000002,11.6,ANGELA,Fall 2024,2017-08-02T04:34:00.101Z,,1986789,Upland Sandpiper,uplsan,1.5,3.09999999999854,0,11025,Unreviewed,,,nfc_taxo141,0.962281823158264,476,-39,441,6,396,58,342,
1105190,ANGELA_2017-08-01_20.06.08_Z_44.wav,ANGELA-NFC_20170801_200608.wav,30472.100000000002,11.6,ANGELA,Fall 2024,2017-08-02T04:34:00.101Z,,1986790,Upland Sandpiper,uplsan,1.5,3.09999999999854,0,11025,Reviewed,,,nfc_taxo139b,0.996323466300964,476,-39,441,6,396,58,342,tune-MPG-shorebirds-train
1105190,ANGELA_2017-08-01_20.06.08_Z_44.wav,ANGELA-NFC_20170801_200608.wav,30472.100000000002,11.6,ANGELA,Fall 2024,2017-08-02T04:34:00.103Z,,1986791,Upland Sandpiper,uplsan,3.89999999999782,5.70000000000073,0,11025,Reviewed,,,nfc_taxo141,0.964837312698364,476,-39,441,6,396,58,342,
1105190,ANGELA_2017-08-01_20.06.08_Z_44.wav,ANGELA-NFC_20170801_200608.wav,30472.100000000002,11.6,ANGELA,Fall 2024,2017-08-02T04:34:00.103Z,,1986792,Upland Sandpiper,uplsan,3.89999999999782,5.70000000000073,0,11025,Reviewed,,,nfc_taxo139b,0.998938620090485,476,-39,441,6,396,58,342,tune-MPG-shorebirds-train
1105190,ANGELA_2017-08-01_20.06.08_Z_44.wav,ANGELA-NFC_20170801_200608.wav,30472.100000000002,11.6,ANGELA,Fall 2024,2017-08-02T04:34:00.108Z,,1986793,Upland Sandpiper,uplsan,8.29999999999927,10.0999999999985,0,11025,Unreviewed,,,nfc_taxo141,0.932989776134491,476,-39,441,6,396,58,342,
829212,YVAS_2017-07-31_02.14.52_Z_105.wav,YVAS_2017-07-31_02.14.52_Z.wav,30971.300000000003,4.8,YVAS,Fall 2024,2017-07-31T10:51:03.301Z,,1567144,Upland Sandpiper,uplsan,1.5,3.29999999999927,0,11025,Reviewed,,,nfc_taxo141,0.965091586112976,844,328,809,371,765,423,713,
829212,YVAS_2017-07-31_02.14.52_Z_105.wav,YVAS_2017-07-31_02.14.52_Z.wav,30971.300000000003,4.8,YVAS,Fall 2024,2017-07-31T10:51:03.301Z,,1567145,Upland Sandpiper,uplsan,1.5,3.29999999999927,0,11025,Reviewed,,,nfc_taxo139b,0.998845934867859,844,328,809,371,765,423,713,tune-MPG-shorebirds-train
828987,YVAS_2017-07-30_02.16.07_Z_103.wav,YVAS_2017-07-30_02.16.07_Z.wav,26785.5,4.6,YVAS,Fall 2024,2017-07-30T09:42:32.501Z,,1566806,Upland Sandpiper,uplsan,1.5,3.10000000000218,0,11025,Reviewed,,,nfc_taxo141,0.962890565395355,774,260,739,304,695,356,643,
828502,YVAS_2017-07-28_02.18.32_Z_50.wav,YVAS_2017-07-28_02.18.32_Z.wav,11079.7,4.8,YVAS,Fall 2024,2017-07-28T05:23:11.701Z,,1566154,Upland Sandpiper,uplsan,1.5,3.29999999999927,0,11025,Reviewed,,,nfc_taxo141,0.965023398399353,512,4,477,48,432,101,379,
828502,YVAS_2017-07-28_02.18.32_Z_50.wav,YVAS_2017-07-28_02.18.32_Z.wav,11079.7,4.8,YVAS,Fall 2024,2017-07-28T05:23:11.701Z,,1566155,Upland Sandpiper,uplsan,1.5,3.29999999999927,0,11025,Reviewed,,,nfc_taxo139b,0.998874962329865,512,4,477,48,432,101,379,tune-MPG-shorebirds-test
828334,YVAS_2017-07-27_02.19.42_Z_34.wav,YVAS_2017-07-27_02.19.42_Z.wav,13283.7,4.8,YVAS,Fall 2024,2017-07-27T06:01:05.701Z,,1565856,Upland Sandpiper,uplsan,1.5,3.29999999999927,0,11025,Reviewed,,,nfc_taxo141,0.965043723583221,549,43,514,88,469,141,415,
828334,YVAS_2017-07-27_02.19.42_Z_34.wav,YVAS_2017-07-27_02.19.42_Z.wav,13283.7,4.8,YVAS,Fall 2024,2017-07-27T06:01:05.701Z,,1565857,Upland Sandpiper,uplsan,1.5,2.89999999999964,0,11025,Reviewed,,,nfc_taxo139b,0.905358195304871,549,43,514,88,469,141,415,tune-MPG-shorebirds-test
828025,YVAS_2017-07-25_02.21.56_Z_120.wav,YVAS_2017-07-25_02.21.56_Z.wav,24353.9,4.8,YVAS,Fall 2024,2017-07-25T09:07:49.901Z,,1565401,Upland Sandpiper,uplsan,1.5,3.29999999999927,0,11025,Reviewed,,,nfc_taxo141,0.964811563491821,734,232,698,277,653,332,597,
828025,YVAS_2017-07-25_02.21.56_Z_120.wav,YVAS_2017-07-25_02.21.56_Z.wav,24353.9,4.8,YVAS,Fall 2024,2017-07-25T09:07:49.901Z,,1565402,Upland Sandpiper,uplsan,1.5,3.29999999999927,0,11025,Reviewed,,,nfc_taxo139b,0.99782121181488,734,232,698,277,653,332,597,tune-MPG-shorebirds-test
827943,YVAS_2017-07-25_02.21.56_Z_38.wav,YVAS_2017-07-25_02.21.56_Z.wav,14867.1,9,YVAS,Fall 2024,2017-07-25T06:29:43.101Z,,1565276,Upland Sandpiper,uplsan,1.5,4.70000000000073,0,11025,Unreviewed,,,nfc_taxo141,0.963779985904694,576,74,540,119,494,174,439,
827943,YVAS_2017-07-25_02.21.56_Z_38.wav,YVAS_2017-07-25_02.21.56_Z.wav,14867.1,9,YVAS,Fall 2024,2017-07-25T06:29:43.105Z,,1565277,Upland Sandpiper,uplsan,5.70000000000073,7.5,0,11025,Reviewed,,,nfc_taxo141,0.963499009609222,576,74,540,119,494,174,439,
827943,YVAS_2017-07-25_02.21.56_Z_38.wav,YVAS_2017-07-25_02.21.56_Z.wav,14867.1,9,YVAS,Fall 2024,2017-07-25T06:29:43.105Z,,1565278,Upland Sandpiper,uplsan,5.70000000000073,7.10000000000036,0,11025,Reviewed,,,nfc_taxo139b,0.994629323482513,576,74,540,119,494,174,439,tune-MPG-shorebirds-train
1103761,ANGELA_2017-07-17_20.23.08_Z_121.wav,ANGELA-NFC_20170717_202308.wav,33382.700000000004,5,ANGELA,Fall 2024,2017-07-18T05:39:30.701Z,,1984624,Upland Sandpiper,uplsan,1.5,3.5,0,11025,Reviewed,,,nfc_taxo141,0.965128004550934,525,46,487,95,438,159,374,
1103761,ANGELA_2017-07-17_20.23.08_Z_121.wav,ANGELA-NFC_20170717_202308.wav,33382.700000000004,5,ANGELA,Fall 2024,2017-07-18T05:39:30.701Z,,1984625,Upland Sandpiper,uplsan,1.69999999999709,3.5,0,11025,Reviewed,,,nfc_taxo139b,0.999002754688263,525,46,487,95,438,159,374,tune-MPG-shorebirds-test
1095129,ANGELA_2017-06-06_20.25.00_Z_4.wav,ANGELA-NFC_20170606_202500.wav,133.3,7,ANGELA,Fall 2024,2017-06-06T20:27:13.301Z,,1972108,Upland Sandpiper,uplsan,1.5,5.5,0,11025,Reviewed,,,nfc_taxo141,0.956818103790283,-29,-487,-68,-435,-121,-361,-194,
1090800,ANGELA_2017-05-13_20.01.00_Z_156.wav,ANGELA-NFC_20170513_200100.wav,25649.100000000002,5.6,ANGELA,Fall 2024,2017-05-14T03:08:29.101Z,,1966223,Upland Sandpiper,uplsan,1.5,4.09999999999854,0,11025,Reviewed,,,nfc_taxo141,0.964784026145935,397,-108,361,-62,316,-7,261,
1090800,ANGELA_2017-05-13_20.01.00_Z_156.wav,ANGELA-NFC_20170513_200100.wav,25649.100000000002,5.6,ANGELA,Fall 2024,2017-05-14T03:08:29.101Z,,1966224,Upland Sandpiper,uplsan,1.5,3.09999999999854,0,11025,Reviewed,,,nfc_taxo139b,0.998751401901245,397,-108,361,-62,316,-7,261,tune-MPG-shorebirds-test
1090800,ANGELA_2017-05-13_20.01.00_Z_156.wav,ANGELA-NFC_20170513_200100.wav,25649.100000000002,5.6,ANGELA,Fall 2024,2017-05-14T03:08:29.101Z,,1966225,Sandpipers and Allies,scolopacidae,1.70000000000073,3.29999999999927,0,11025,Unreviewed,,,nfc_taxo139b,0.942505836486816,397,-108,361,-62,316,-7,261,tune-MPG-shorebirds-test
1089815,ANGELA_2017-05-10_19.57.06_Z_306.wav,ANGELA-NFC_20170510_195706.wav,24064.5,24.8,ANGELA,Fall 2024,2017-05-11T02:38:10.501Z,,1964683,Upland Sandpiper,uplsan,1.5,6.5,0,11025,Unreviewed,,,nfc_taxo141,0.963181972503662,370,-143,335,-98,291,-44,238,
1089815,ANGELA_2017-05-10_19.57.06_Z_306.wav,ANGELA-NFC_20170510_195706.wav,24064.5,24.8,ANGELA,Fall 2024,2017-05-11T02:38:10.506Z,,1964684,Upland Sandpiper,uplsan,6.5,8.90000000000146,0,11025,Reviewed,,,nfc_taxo141,0.963181972503662,370,-143,335,-98,291,-44,238,
1089815,ANGELA_2017-05-10_19.57.06_Z_306.wav,ANGELA-NFC_20170510_195706.wav,24064.5,24.8,ANGELA,Fall 2024,2017-05-11T02:38:10.508Z,,1964685,,passeriformes,8.10000000000218,9.90000000000146,0,11025,Unreviewed,,,nfc_taxo139b,0.950793862342834,370,-143,335,-98,291,-44,238,tune-MPG-shorebirds-test
1089815,ANGELA_2017-05-10_19.57.06_Z_306.wav,ANGELA-NFC_20170510_195706.wav,24064.5,24.8,ANGELA,Fall 2024,2017-05-11T02:38:10.511Z,,1964686,,passeriformes,11.1000000000022,12.7000000000007,0,11025,Unreviewed,,,nfc_taxo139b,0.973436117172241,370,-143,335,-98,291,-44,238,tune-MPG-shorebirds-test
1089815,ANGELA_2017-05-10_19.57.06_Z_306.wav,ANGELA-NFC_20170510_195706.wav,24064.5,24.8,ANGELA,Fall 2024,2017-05-11T02:38:10.512Z,,1964687,Upland Sandpiper,uplsan,12.1000000000022,17.1000000000022,0,11025,Unreviewed,,,nfc_taxo141,0.964957058429718,370,-143,335,-98,291,-44,238,
1089815,ANGELA_2017-05-10_19.57.06_Z_306.wav,ANGELA-NFC_20170510_195706.wav,24064.5,24.8,ANGELA,Fall 2024,2017-05-11T02:38:10.517Z,,1964688,Upland Sandpiper,uplsan,17.1000000000022,22.1000000000022,0,11025,Unreviewed,,,nfc_taxo141,0.964957058429718,370,-143,335,-98,291,-44,238,
1089815,ANGELA_2017-05-10_19.57.06_Z_306.wav,ANGELA-NFC_20170510_195706.wav,24064.5,24.8,ANGELA,Fall 2024,2017-05-11T02:38:10.520Z,,1964689,Upland Sandpiper,uplsan,20.7000000000007,22.3000000000029,0,11025,Reviewed,,,nfc_taxo139b,0.998929917812347,370,-143,335,-98,291,-44,238,tune-MPG-shorebirds-test
1089815,ANGELA_2017-05-10_19.57.06_Z_306.wav,ANGELA-NFC_20170510_195706.wav,24064.5,24.8,ANGELA,Fall 2024,2017-05-11T02:38:10.522Z,,1964690,Upland Sandpiper,uplsan,22.1000000000022,23.3000000000029,0,11025,Unreviewed,,,nfc_taxo141,0.964957058429718,370,-143,335,-98,291,-44,238,
1089682,ANGELA_2017-05-10_19.57.06_Z_173.wav,ANGELA-NFC_20170510_195706.wav,17332.100000000002,14.4,ANGELA,Fall 2024,2017-05-11T00:45:58.101Z,,1963865,Upland Sandpiper,uplsan,1.5,6.5,0,11025,Reviewed,,,nfc_taxo141,0.965105593204498,258,-255,223,-210,178,-156,125,
1089682,ANGELA_2017-05-10_19.57.06_Z_173.wav,ANGELA-NFC_20170510_195706.wav,17332.100000000002,14.4,ANGELA,Fall 2024,2017-05-11T00:45:58.104Z,,1963866,Upland Sandpiper,uplsan,4.09999999999854,6.09999999999854,0,11025,Reviewed,,,nfc_taxo139b,0.998957276344299,258,-255,223,-210,178,-156,125,tune-MPG-shorebirds-test
1089682,ANGELA_2017-05-10_19.57.06_Z_173.wav,ANGELA-NFC_20170510_195706.wav,17332.100000000002,14.4,ANGELA,Fall 2024,2017-05-11T00:45:58.106Z,,1963867,Upland Sandpiper,uplsan,6.5,11.5,0,11025,Unreviewed,,,nfc_taxo141,0.965105593204498,258,-255,223,-210,178,-156,125,
1089682,ANGELA_2017-05-10_19.57.06_Z_173.wav,ANGELA-NFC_20170510_195706.wav,17332.100000000002,14.4,ANGELA,Fall 2024,2017-05-11T00:45:58.111Z,,1963868,Upland Sandpiper,uplsan,11.5,12.8999999999978,0,11025,Problem,,,nfc_taxo141,0.965105593204498,258,-255,223,-210,178,-156,125,
1064632,ANGELA_2016-09-07_19.01.14_Z_7.wav,ANGELA-NFC_20160907_190114.wav,4253.3,4.4,ANGELA,Fall 2024,2016-09-07T20:12:07.301Z,,1913033,Upland Sandpiper,uplsan,1.5,2.89999999999964,0,11025,Reviewed,,,nfc_taxo141,0.963027477264404,38,-593,7,-556,-30,-517,-69,
1064530,ANGELA_2016-09-02_19.11.13_Z_2.wav,ANGELA-NFC_20160902_191113.wav,4591.900000000001,5,ANGELA,Fall 2024,2016-09-02T20:27:44.901Z,,1912916,Upland Sandpiper,uplsan,1.5,3.5,0,11025,Reviewed,,,nfc_taxo141,0.965048611164093,44,-571,13,-533,-25,-493,-65,
1063067,FLOOD_2016-08-28_19.52.00_Z_4.wav,FLOOD-NFC21C_20160828_195200.wav,2034.5,4.6,FLOOD,Fall 2024,2016-08-28T20:25:54.501Z,,1910503,Upland Sandpiper,uplsan,1.5,3.10000000000014,0,11025,Reviewed,,,nfc_taxo141,0.945392549037933,1,-597,-30,-559,-69,-517,-110,
1064010,ANGELA_2016-08-19_19.37.12_Z_33.wav,ANGELA-NFC_20160819_193712.wav,34993.3,5,ANGELA,Fall 2024,2016-08-20T05:20:25.301Z,,1911954,Upland Sandpiper,uplsan,1.5,3.5,0,11025,Reviewed,,,nfc_taxo141,0.96511322259903,551,-18,518,22,478,66,433,
1063996,ANGELA_2016-08-19_19.37.12_Z_19.wav,ANGELA-NFC_20160819_193712.wav,4258.7,8.2,ANGELA,Fall 2024,2016-08-19T20:48:10.701Z,,1911937,Upland Sandpiper,uplsan,1.5,3.30000000000018,0,11025,Reviewed,,,nfc_taxo141,0.964871227741241,38,-531,6,-491,-34,-447,-79,
1063996,ANGELA_2016-08-19_19.37.12_Z_19.wav,ANGELA-NFC_20160819_193712.wav,4258.7,8.2,ANGELA,Fall 2024,2016-08-19T20:48:10.704Z,,1911938,Solitary Sandpiper,solsan,4.5,6.70000000000073,0,11025,Unreviewed,,,nfc_taxo141,0.99999988079071,38,-531,6,-491,-34,-447,-79,
1063990,ANGELA_2016-08-19_19.37.12_Z_13.wav,ANGELA-NFC_20160819_193712.wav,4182.7,14.8,ANGELA,Fall 2024,2016-08-19T20:46:54.701Z,,1911927,Upland Sandpiper,uplsan,1.5,3.30000000000018,0,11025,Reviewed,,,nfc_taxo141,0.965083599090576,37,-532,5,-492,-36,-448,-80,
1063990,ANGELA_2016-08-19_19.37.12_Z_13.wav,ANGELA-NFC_20160819_193712.wav,4182.7,14.8,ANGELA,Fall 2024,2016-08-19T20:46:54.704Z,,1911928,Upland Sandpiper,uplsan,4.10000000000036,6.70000000000073,0,11025,Reviewed,,,nfc_taxo141,0.96510511636734,37,-532,5,-492,-36,-448,-80,
1063990,ANGELA_2016-08-19_19.37.12_Z_13.wav,ANGELA-NFC_20160819_193712.wav,4182.7,14.8,ANGELA,Fall 2024,2016-08-19T20:46:54.709Z,,1911929,Upland Sandpiper,uplsan,9.10000000000036,10.9000000000005,0,11025,Reviewed,,,nfc_taxo141,0.964573562145233,37,-532,5,-492,-36,-448,-80,
1063990,ANGELA_2016-08-19_19.37.12_Z_13.wav,ANGELA-NFC_20160819_193712.wav,4182.7,14.8,ANGELA,Fall 2024,2016-08-19T20:46:54.711Z,,1911930,Upland Sandpiper,uplsan,11.5,13.3000000000002,0,11025,Reviewed,,,nfc_taxo141,0.965084910392761,37,-532,5,-492,-36,-448,-80,
1078153,SHEEP_2016-08-17_20.12.00_Z_0.wav,SHEEP-NFC21C_20160817_201200.wav,1129.9,4.4,SHEEP,Fall 2024,2016-08-17T20:30:49.901Z,,1935832,Upland Sandpiper,uplsan,1.5,2.89999999999986,0,11025,Reviewed,,,nfc_taxo141,0.952574014663696,-13,-576,-46,-536,-87,-491,-132,
1063933,ANGELA_2016-08-15_19.44.11_Z_33.wav,ANGELA-NFC_20160815_194411.wav,38733.700000000004,11.4,ANGELA,Fall 2024,2016-08-16T06:29:44.701Z,,1911842,Upland Sandpiper,uplsan,1.5,3.29999999999563,0,11025,Reviewed,,,nfc_taxo141,0.965074479579926,613,57,580,97,539,143,493,
1063933,ANGELA_2016-08-15_19.44.11_Z_33.wav,ANGELA-NFC_20160815_194411.wav,38733.700000000004,11.4,ANGELA,Fall 2024,2016-08-16T06:29:44.703Z,,1911843,Upland Sandpiper,uplsan,3.5,5.29999999999563,0,11025,Unreviewed,,,nfc_taxo141,0.961657762527466,613,57,580,97,539,143,493,
1063933,ANGELA_2016-08-15_19.44.11_Z_33.wav,ANGELA-NFC_20160815_194411.wav,38733.700000000004,11.4,ANGELA,Fall 2024,2016-08-16T06:29:44.708Z,,1911844,Upland Sandpiper,uplsan,8.09999999999854,9.89999999999418,0,11025,Reviewed,,,nfc_taxo141,0.963409066200256,613,57,580,97,539,143,493,
1063922,ANGELA_2016-08-15_19.44.11_Z_22.wav,ANGELA-NFC_20160815_194411.wav,38115.3,5,ANGELA,Fall 2024,2016-08-16T06:19:26.301Z,,1911826,Upland Sandpiper,uplsan,1.5,3.5,0,11025,Reviewed,,,nfc_taxo141,0.965104937553406,603,46,570,87,529,133,483,
1063889,ANGELA_2016-08-14_19.46.11_Z_3.wav,ANGELA-NFC_20160814_194611.wav,4433.3,4.6,ANGELA,Fall 2024,2016-08-14T21:00:04.301Z,,1911789,Upland Sandpiper,uplsan,1.5,3.10000000000036,0,11025,Reviewed,,,nfc_taxo141,0.962741553783417,42,-512,9,-471,-33,-424,-79,
1063848,ANGELA_2016-08-12_19.49.10_Z_49.wav,ANGELA-NFC_20160812_194910.wav,36431.9,16.8,ANGELA,Fall 2024,2016-08-13T05:56:21.901Z,,1911735,Upland Sandpiper,uplsan,1.5,3.30000000000291,0,11025,Unreviewed,,,nfc_taxo141,0.964744210243225,575,27,541,69,499,116,452,
1063848,ANGELA_2016-08-12_19.49.10_Z_49.wav,ANGELA-NFC_20160812_194910.wav,36431.9,16.8,ANGELA,Fall 2024,2016-08-13T05:56:21.905Z,,1911736,Upland Sandpiper,uplsan,5.90000000000146,7.5,0,11025,Reviewed,,,nfc_taxo141,0.965053498744965,575,27,541,69,499,116,452,
1063848,ANGELA_2016-08-12_19.49.10_Z_49.wav,ANGELA-NFC_20160812_194910.wav,36431.9,16.8,ANGELA,Fall 2024,2016-08-13T05:56:21.909Z,,1911737,Upland Sandpiper,uplsan,9.30000000000291,11.0999999999985,0,11025,Reviewed,,,nfc_taxo141,0.965119481086731,575,27,541,69,499,116,452,
1063848,ANGELA_2016-08-12_19.49.10_Z_49.wav,ANGELA-NFC_20160812_194910.wav,36431.9,16.8,ANGELA,Fall 2024,2016-08-13T05:56:21.913Z,,1911738,Upland Sandpiper,uplsan,13.3000000000029,15.3000000000029,0,11025,Reviewed,,,nfc_taxo141,0.965124905109406,575,27,541,69,499,116,452,
1063845,ANGELA_2016-08-12_19.49.10_Z_46.wav,ANGELA-NFC_20160812_194910.wav,36397.3,4.8,ANGELA,Fall 2024,2016-08-13T05:55:47.301Z,,1911730,Upland Sandpiper,uplsan,1.5,3.29999999999563,0,11025,Reviewed,,,nfc_taxo141,0.96510249376297,574,27,541,68,499,115,451,
1063707,ANGELA_2016-08-10_19.53.10_Z_10.wav,ANGELA-NFC_20160810_195310.wav,5900.1,7.6,ANGELA,Fall 2024,2016-08-10T21:31:30.101Z,,1911575,Upland Sandpiper,uplsan,1.5,3.30000000000018,0,11025,Unreviewed,,,nfc_taxo141,0.964580118656158,67,-475,33,-432,-9,-385,-58,
1063707,ANGELA_2016-08-10_19.53.10_Z_10.wav,ANGELA-NFC_20160810_195310.wav,5900.1,7.6,ANGELA,Fall 2024,2016-08-10T21:31:30.104Z,,1911576,Upland Sandpiper,uplsan,4.30000000000018,6.10000000000036,0,11025,Reviewed,,,nfc_taxo141,0.964986801147461,67,-475,33,-432,-9,-385,-58,
1063701,ANGELA_2016-08-10_19.53.10_Z_4.wav,ANGELA-NFC_20160810_195310.wav,1359.9,4.8,ANGELA,Fall 2024,2016-08-10T20:15:49.901Z,,1911565,Upland Sandpiper,uplsan,1.5,3.29999999999995,0,11025,Reviewed,,,nfc_taxo141,0.964298129081726,-9,-550,-43,-508,-85,-460,-133,
1063512,ANGELA_2016-08-09_19.54.10_Z_1.wav,ANGELA-NFC_20160809_195410.wav,31733.300000000003,4.8,ANGELA,Fall 2024,2016-08-10T04:43:03.301Z,,1911337,Upland Sandpiper,uplsan,1.5,3.29999999999927,0,11025,Reviewed,,,nfc_taxo141,0.964798331260681,497,-42,463,1,420,49,371,
1063286,ANGELA_2016-08-07_19.57.10_Z_47.wav,ANGELA-NFC_20160807_195710.wav,37131.3,4.8,ANGELA,Fall 2024,2016-08-08T06:16:01.301Z,,1910919,Upland Sandpiper,uplsan,1.5,3.29999999999563,0,11025,Reviewed,,,nfc_taxo141,0.96406877040863,587,54,552,97,509,146,459,
1062281,ANGELA_2016-08-03_20.03.09_Z_9.wav,ANGELA-NFC_20160803_200309.wav,6506.1,4.6,ANGELA,Fall 2024,2016-08-03T21:51:35.101Z,,1909306,Upland Sandpiper,uplsan,1.5,3.10000000000036,0,11025,Reviewed,,,nfc_taxo141,0.964775681495667,76,-445,42,-401,-3,-349,-55,
1061489,ANGELA_2016-08-01_20.06.09_Z_6.wav,ANGELA-NFC_20160801_200609.wav,4758.1,4.8,ANGELA,Fall 2024,2016-08-01T21:25:27.101Z,,1907765,Upland Sandpiper,uplsan,1.5,3.30000000000018,0,11025,Reviewed,,,nfc_taxo141,0.965028405189514,48,-468,12,-423,-32,-371,-86,
1061330,ANGELA_2016-07-31_20.07.17_Z_25.wav,ANGELA-NFC_20160731_200717.wav,13425.900000000001,4.6,ANGELA,Fall 2024,2016-07-31T23:51:02.901Z,,1907524,Upland Sandpiper,uplsan,1.5,3.09999999999854,0,11025,Reviewed,,,nfc_taxo141,0.95881199836731,192,-321,157,-276,111,-223,58,
1060255,ANGELA_2016-07-29_20.10.14_Z_10.wav,ANGELA-NFC_20160729_201014.wav,4458.7,61.4,ANGELA,Fall 2024,2016-07-29T21:24:32.701Z,,1905849,Upland Sandpiper,uplsan,1.5,3.70000000000073,0,11025,Reviewed,,,nfc_taxo141,0.965079486370087,43,-465,7,-419,-39,-365,-94,
1060255,ANGELA_2016-07-29_20.10.14_Z_10.wav,ANGELA-NFC_20160729_201014.wav,4458.7,61.4,ANGELA,Fall 2024,2016-07-29T21:24:32.706Z,,1905850,Upland Sandpiper,uplsan,6.70000000000073,9.90000000000055,0,11025,Reviewed,,,nfc_taxo141,0.965125918388367,43,-465,7,-419,-39,-365,-94,
1060255,ANGELA_2016-07-29_20.10.14_Z_10.wav,ANGELA-NFC_20160729_201014.wav,4458.7,61.4,ANGELA,Fall 2024,2016-07-29T21:24:32.710Z,,1905851,Upland Sandpiper,uplsan,10.5,14.7000000000007,0,11025,Reviewed,,,nfc_taxo141,0.965058386325836,43,-465,7,-419,-39,-365,-94,
1060255,ANGELA_2016-07-29_20.10.14_Z_10.wav,ANGELA-NFC_20160729_201014.wav,4458.7,61.4,ANGELA,Fall 2024,2016-07-29T21:24:32.716Z,,1905852,Upland Sandpiper,uplsan,16.1000000000004,19.7000000000007,0,11025,Reviewed,,,nfc_taxo141,0.965124249458313,43,-465,7,-419,-39,-365,-94,
1060255,ANGELA_2016-07-29_20.10.14_Z_10.wav,ANGELA-NFC_20160729_201014.wav,4458.7,61.4,ANGELA,Fall 2024,2016-07-29T21:24:32.719Z,,1905853,Upland Sandpiper,uplsan,19.9000000000005,21.9000000000005,0,11025,Reviewed,,,nfc_taxo141,0.965118110179901,43,-465,7,-419,-39,-365,-94,
1060255,ANGELA_2016-07-29_20.10.14_Z_10.wav,ANGELA-NFC_20160729_201014.wav,4458.7,61.4,ANGELA,Fall 2024,2016-07-29T21:24:32.724Z,,1905854,Upland Sandpiper,uplsan,24.1000000000004,29.1000000000004,0,11025,Reviewed,,,nfc_taxo141,0.965129911899567,43,-465,7,-419,-39,-365,-94,
1060255,ANGELA_2016-07-29_20.10.14_Z_10.wav,ANGELA-NFC_20160729_201014.wav,4458.7,61.4,ANGELA,Fall 2024,2016-07-29T21:24:32.729Z,,1905855,Upland Sandpiper,uplsan,29.1000000000004,34.1000000000004,0,11025,Reviewed,,,nfc_taxo141,0.965129911899567,43,-465,7,-419,-39,-365,-94,
1060255,ANGELA_2016-07-29_20.10.14_Z_10.wav,ANGELA-NFC_20160729_201014.wav,4458.7,61.4,ANGELA,Fall 2024,2016-07-29T21:24:32.734Z,,1905856,Upland Sandpiper,uplsan,34.1000000000004,39.1000000000004,0,11025,Reviewed,,,nfc_taxo141,0.965129911899567,44,-464,8,-418,-38,-364,-93,
1060255,ANGELA_2016-07-29_20.10.14_Z_10.wav,ANGELA-NFC_20160729_201014.wav,4458.7,61.4,ANGELA,Fall 2024,2016-07-29T21:24:32.739Z,,1905857,Upland Sandpiper,uplsan,39.1000000000004,42.1000000000004,0,11025,Reviewed,,,nfc_taxo141,0.965129911899567,44,-464,8,-418,-38,-364,-93,
1060255,ANGELA_2016-07-29_20.10.14_Z_10.wav,ANGELA-NFC_20160729_201014.wav,4458.7,61.4,ANGELA,Fall 2024,2016-07-29T21:24:32.743Z,,1905858,Upland Sandpiper,uplsan,43.3000000000002,47.3000000000002,0,11025,Reviewed,,,nfc_taxo141,0.965122878551483,44,-464,8,-418,-38,-364,-93,
1060255,ANGELA_2016-07-29_20.10.14_Z_10.wav,ANGELA-NFC_20160729_201014.wav,4458.7,61.4,ANGELA,Fall 2024,2016-07-29T21:24:32.747Z,,1905859,Upland Sandpiper,uplsan,47.5,50.9000000000005,0,11025,Reviewed,,,nfc_taxo141,0.965126693248749,44,-464,8,-418,-38,-364,-93,
1060255,ANGELA_2016-07-29_20.10.14_Z_10.wav,ANGELA-NFC_20160729_201014.wav,4458.7,61.4,ANGELA,Fall 2024,2016-07-29T21:24:32.751Z,,1905860,Upland Sandpiper,uplsan,51.3000000000002,56.3000000000002,0,11025,Reviewed,,,nfc_taxo141,0.965130150318146,44,-464,8,-418,-38,-364,-93,
1060255,ANGELA_2016-07-29_20.10.14_Z_10.wav,ANGELA-NFC_20160729_201014.wav,4458.7,61.4,ANGELA,Fall 2024,2016-07-29T21:24:32.756Z,,1905861,Upland Sandpiper,uplsan,56.3000000000002,59.9000000000005,0,11025,Reviewed,,,nfc_taxo141,0.965130150318146,44,-464,8,-418,-38,-364,-93,
1039347,ANGELA_2016-07-29_07.52.17_Z_0.wav,ANGELA-NFC_20160729_075217.wav,133.1,5,ANGELA,Fall 2024,2016-07-29T07:54:30.101Z,,1876081,Upland Sandpiper,uplsan,1.5,3.5,0,11025,Reviewed,,,nfc_taxo141,0.965098917484283,671,167,636,212,590,268,534,
1059794,ANGELA_2016-07-28_20.11.17_Z_26.wav,ANGELA-NFC_20160728_201117.wav,5926.900000000001,5,ANGELA,Fall 2024,2016-07-28T21:50:03.901Z,,1905221,Upland Sandpiper,uplsan,1.5,3.5,0,11025,Reviewed,,,nfc_taxo141,0.96512246131897,67,-438,31,-392,-15,-337,-71,
1059793,ANGELA_2016-07-28_20.11.17_Z_25.wav,ANGELA-NFC_20160728_201117.wav,5906.5,5,ANGELA,Fall 2024,2016-07-28T21:49:43.501Z,,1905220,Upland Sandpiper,uplsan,1.5,3.5,0,11025,Reviewed,,,nfc_taxo141,0.965123772621155,67,-438,31,-392,-15,-337,-71,
1058663,ANGELA_2016-07-26_20.14.13_Z_13.wav,ANGELA-NFC_20160726_201413.wav,35439.700000000004,5,ANGELA,Fall 2024,2016-07-27T06:04:52.701Z,,1903677,Upland Sandpiper,uplsan,1.5,3.5,0,11025,Reviewed,,,nfc_taxo141,0.965096235275269,559,60,523,106,477,163,420,
1058660,ANGELA_2016-07-26_20.14.13_Z_10.wav,ANGELA-NFC_20160726_201413.wav,35401.9,5,ANGELA,Fall 2024,2016-07-27T06:04:14.901Z,,1903672,Upland Sandpiper,uplsan,1.5,3.5,0,11025,Reviewed,,,nfc_taxo141,0.965128362178802,559,59,523,105,476,162,419,
1056224,ANGELA_2016-07-23_20.17.12_Z_17.wav,ANGELA-NFC_20160723_201712.wav,10137.300000000001,5,ANGELA,Fall 2024,2016-07-23T23:06:09.301Z,,1900454,Upland Sandpiper,uplsan,1.5,3.5,0,11025,Reviewed,,,nfc_taxo141,0.961711883544922,137,-355,101,-308,53,-249,-6,
1052454,ANGELA_2016-07-20_20.20.12_Z_6.wav,ANGELA-NFC_20160720_202012.wav,3687.5,16.2,ANGELA,Fall 2024,2016-07-20T21:21:39.501Z,,1894938,Upland Sandpiper,uplsan,1.5,5.5,0,11025,Reviewed,,,nfc_taxo141,0.965131878852844,30,-456,-7,-407,-56,-347,-117,
1052454,ANGELA_2016-07-20_20.20.12_Z_6.wav,ANGELA-NFC_20160720_202012.wav,3687.5,16.2,ANGELA,Fall 2024,2016-07-20T21:21:39.506Z,,1894939,Upland Sandpiper,uplsan,6.30000000000018,8.10000000000036,0,11025,Reviewed,,,nfc_taxo141,0.964987099170685,30,-456,-7,-407,-56,-347,-117,
1052454,ANGELA_2016-07-20_20.20.12_Z_6.wav,ANGELA-NFC_20160720_202012.wav,3687.5,16.2,ANGELA,Fall 2024,2016-07-20T21:21:39.509Z,,1894940,Upland Sandpiper,uplsan,9.70000000000027,11.7000000000003,0,11025,Reviewed,,,nfc_taxo141,0.965057969093323,30,-456,-7,-407,-56,-347,-117,
1052454,ANGELA_2016-07-20_20.20.12_Z_6.wav,ANGELA-NFC_20160720_202012.wav,3687.5,16.2,ANGELA,Fall 2024,2016-07-20T21:21:39.512Z,,1894941,Upland Sandpiper,uplsan,12.7000000000003,14.7000000000003,0,11025,Unreviewed,,,nfc_taxo141,0.96497905254364,30,-456,-7,-407,-56,-347,-117,
1051084,ANGELA_2016-07-19_20.21.14_Z_3.wav,ANGELA-NFC_20160719_202114.wav,14125.900000000001,4.8,ANGELA,Fall 2024,2016-07-20T00:16:39.901Z,,1892990,Upland Sandpiper,uplsan,1.5,3.29999999999927,0,11025,Reviewed,,,nfc_taxo141,0.965063750743866,204,-279,167,-231,118,-169,56,
1042941,ANGELA_2016-07-07_20.30.12_Z_67.wav,ANGELA-NFC_20160707_203012.wav,27254.5,5.4,ANGELA,Fall 2024,2016-07-08T04:04:26.501Z,,1882809,Upland Sandpiper,uplsan,1.5,3.90000000000146,0,11025,Reviewed,,,nfc_taxo141,0.96368545293808,423,-38,384,13,332,84,261,
1042870,ANGELA_2016-07-06_20.30.11_Z_36.wav,ANGELA-NFC_20160706_203011.wav,32310.7,4.2,ANGELA,Fall 2024,2016-07-07T05:28:41.701Z,,1882723,Upland Sandpiper,uplsan,1.5,2.70000000000073,0,11025,Reviewed,,,nfc_taxo141,0.962649345397949,507,47,468,99,416,170,343,
1042866,ANGELA_2016-07-06_20.30.11_Z_32.wav,ANGELA-NFC_20160706_203011.wav,32273.5,4.8,ANGELA,Fall 2024,2016-07-07T05:28:04.501Z,,1882719,Upland Sandpiper,uplsan,1.5,3.30000000000291,0,11025,Reviewed,,,nfc_taxo141,0.965063393115997,506,46,467,98,415,170,343,
1042734,ANGELA_2016-07-04_20.31.09_Z_98.wav,ANGELA-NFC_20160704_203109.wav,31816.7,4.8,ANGELA,Fall 2024,2016-07-05T05:21:25.701Z,,1882568,Upland Sandpiper,uplsan,1.5,3.29999999999927,0,11025,Reviewed,,,nfc_taxo141,0.965076923370361,499,41,460,94,407,167,333,
1077907,SHEEP_2016-07-02_03.48.47_Z_3.wav,SHEEP-NFC21C_20160702_034847.wav,5007.700000000001,4.6,SHEEP,Fall 2024,2016-07-02T05:12:14.701Z,,1935563,Upland Sandpiper,uplsan,1.5,3.09999999999945,0,11025,Reviewed,,,nfc_taxo141,0.963295698165894,458,3,419,56,366,131,290,
1077833,SHEEP_2016-06-30_21.03.00_Z_0.wav,SHEEP-NFC21C_20160630_210300.wav,91.10000000000001,4.4,SHEEP,Fall 2024,2016-06-30T21:04:31.101Z,,1935472,Upland Sandpiper,uplsan,1.5,2.89999999999999,0,11025,Reviewed,,,nfc_taxo141,0.954827785491943,-30,-484,-69,-431,-123,-356,-199,
1064285,ANGELA_2016-06-28_20.33.10_Z_48.wav,ANGELA-NFC_20160628_203310.wav,4071.3,6.8,ANGELA,Fall 2024,2016-06-28T21:41:01.301Z,,1912323,Upland Sandpiper,uplsan,1.5,5.30000000000018,0,11025,Reviewed,,,nfc_taxo141,0.964573800563812,37,-415,-3,-362,-56,-284,-134,
1077687,SHEEP_2016-06-27_21.04.00_Z_4.wav,SHEEP-NFC21C_20160627_210400.wav,2017.1000000000001,4.4,SHEEP,Fall 2024,2016-06-27T21:37:37.101Z,,1935250,Upland Sandpiper,uplsan,1.5,2.89999999999986,0,11025,Reviewed,,,nfc_taxo141,0.96360570192337,2,-449,-37,-396,-90,-319,-168,
1056500,FLOOD_2016-06-21_21.04.00_Z_89.wav,FLOOD-NFC21C_20160621_210400.wav,2743.7000000000003,12.2,FLOOD,Fall 2024,2016-06-21T21:49:43.701Z,,1900794,Spotted Sandpiper,sposan,1.5,6.29999999999973,0,11025,Unreviewed,,,nfc_taxo141,0.987646222114563,15,-435,-25,-381,-79,-302,-158,
1056500,FLOOD_2016-06-21_21.04.00_Z_89.wav,FLOOD-NFC21C_20160621_210400.wav,2743.7000000000003,12.2,FLOOD,Fall 2024,2016-06-21T21:49:43.708Z,,1900795,Upland Sandpiper,uplsan,8.69999999999982,10.6999999999998,0,11025,Reviewed,,,nfc_taxo141,0.964763283729553,15,-435,-25,-381,-79,-302,-158,
1051593,FLOOD_2016-06-02_20.53.00_Z_48.wav,FLOOD-NFC21C_20160602_205300.wav,1871.9,7.6,FLOOD,Fall 2024,2016-06-02T21:24:11.901Z,,1893606,Upland Sandpiper,uplsan,1.5,3.09999999999991,0,11025,Reviewed,,,nfc_taxo141,0.961776733398438,-1,-464,-39,-412,-90,-341,-160,
1051593,FLOOD_2016-06-02_20.53.00_Z_48.wav,FLOOD-NFC21C_20160602_205300.wav,1871.9,7.6,FLOOD,Fall 2024,2016-06-02T21:24:11.904Z,,1893607,Spotted Sandpiper,sposan,4.29999999999995,6.09999999999991,0,11025,Unreviewed,,,nfc_taxo141,0.989626288414001,-1,-464,-39,-412,-90,-341,-160,
1033345,ANGELA_2016-05-28_09.47.07_Z_1.wav,ANGELA-NFC_20160528_094707.wav,521.7,4.2,ANGELA,Fall 2024,2016-05-28T09:55:48.701Z,,1864268,Upland Sandpiper,uplsan,1.5,2.69999999999993,0,11025,Reviewed,,,nfc_taxo141,0.958529233932495,788,315,750,365,700,432,635,
1040673,ANGELA_2016-05-18_20.07.01_Z_3.wav,ANGELA-NFC_20160518_200701.wav,3938.3,4.6,ANGELA,Fall 2024,2016-05-18T21:12:39.301Z,,1879182,Upland Sandpiper,uplsan,1.5,3.09999999999991,0,11025,Reviewed,,,nfc_taxo141,0.965023219585419,35,-457,-2,-410,-49,-351,-107,
1016652,MED_2015-08-25_19.37.32_Z_2.wav,MED-WHEEL_20150825_193732.wav,3440.7000000000003,11,MED,Fall 2024,2015-08-26T02:34:52.701Z,,1827026,Upland Sandpiper,uplsan,1.5,5.09999999999991,0,11025,Reviewed,,,nfc_taxo141,0.965110242366791,,,,,,,,
1016652,MED_2015-08-25_19.37.32_Z_2.wav,MED-WHEEL_20150825_193732.wav,3440.7000000000003,11,MED,Fall 2024,2015-08-26T02:34:52.707Z,,1827027,Upland Sandpiper,uplsan,7.69999999999982,9.5,0,11025,Reviewed,,,nfc_taxo141,0.965112805366516,,,,,,,,
1038618,SHEEPCAMP_2015-08-24_20.01.00_Z_66.wav,SHEEPCAMP_20150824_200100.wav,37656.5,4.8,SHEEPCAMP,Fall 2024,2015-08-25T12:28:36.501Z,,1874848,Upland Sandpiper,uplsan,1.5,3.30000000000291,0,11025,Reviewed,,,nfc_taxo141,0.943557262420654,,,,,,,,
1016426,MED_2015-08-19_19.47.35_Z_0.wav,MED-WHEEL_20150819_194735.wav,4138.7,4.8,MED,Fall 2024,2015-08-20T02:56:33.701Z,,1826576,Upland Sandpiper,uplsan,1.5,3.30000000000018,0,11025,Reviewed,,,nfc_taxo141,0.964722990989685,,,,,,,,
1029730,MED_2015-08-16_19.52.34_Z_3.wav,MED-WHEEL_20150816_195234.wav,3220.5,7.2,MED,Fall 2024,2015-08-17T02:46:14.501Z,,1856018,Upland Sandpiper,uplsan,1.5,5.70000000000027,0,11025,Reviewed,,,nfc_taxo141,0.964957594871521,,,,,,,,
1029583,MED_2015-08-06_20.08.32_Z_1.wav,MED-WHEEL_20150806_200832.wav,32065.9,4.6,MED,Fall 2024,2015-08-07T11:02:57.901Z,,1855835,Upland Sandpiper,uplsan,1.5,3.09999999999854,0,11025,Reviewed,,,nfc_taxo141,0.964985132217407,,,,,,,,
1019203,RIDGE_2015-06-08_20.57.00_Z_6.wav,RIDGE_20150608_205700.wav,4140.7,4.8,RIDGE,Fall 2024,2015-06-08T22:06:00.701Z,,1830490,Upland Sandpiper,uplsan,1.5,3.30000000000018,0,11025,Reviewed,,,nfc_taxo141,0.964041292667389,37,-419,-2,-366,-54,-291,-128,
1029886,SHEEPCAMP_2015-06-05_20.55.00_Z_19.wav,SHEEPCAMP_20150605_205500.wav,1714.5,4.4,SHEEPCAMP,Fall 2024,2015-06-06T03:23:34.501Z,,1856274,Upland Sandpiper,uplsan,1.5,2.90000000000009,0,11025,Reviewed,,,nfc_taxo141,0.950392842292786,,,,,,,,
1024903,SHEEPCAMP_2015-05-04_20.19.00_Z_13.wav,SHEEPCAMP_20150504_201900.wav,895.9000000000001,4.2,SHEEPCAMP,Fall 2024,2015-05-05T02:33:55.901Z,,1841590,Upland Sandpiper,uplsan,1.5,2.69999999999993,0,11025,Reviewed,,,nfc_taxo141,0.942291617393494,,,,,,,,
934328,SHEEPCAMP_2014-08-23_20.02.00_Z_8.wav,SHEEPCAMP_20140823_200200.wav,3326.9,4.8,SHEEPCAMP,Fall 2024,2014-08-24T02:57:26.901Z,,1710704,Upland Sandpiper,uplsan,1.5,3.30000000000018,0,11025,Reviewed,,,nfc_taxo141,0.964644372463226,,,,,,,,
984520,RIDGE_2014-05-18_03.35.44_Z_0.wav,RIDGE_0_20140518_033544_000.wav,165.5,4.8,RIDGE,Fall 2024,2014-05-18T03:38:29.501Z,,1783647,Upland Sandpiper,uplsan,1.5,3.30000000000001,0,11025,Reviewed,,,nfc_taxo141,0.96507203578949,391,-105,355,-58,309,0,251,